"MES","BCCA01","BCCA02","BCCA03","BCCA04","BCCA05","BCCA06","BCCA07","BCCA08","BCCA09","BCCA10","BCCA11","BCCA12","BCCA13","BCCA14","BCCA15","BCCA16"
1998-01-01,"6037376","213227","4045986","1778163","652185",,"3373929","3373929","0","0","0","3029297","2628302","400995","8885880","21978667"
1998-02-01,"5773380","214018","4097273","1462089","654609",,"3408339","3408339","0","0","0","3245611","2855497","390114","8752161","21834100"
1998-03-01,"5832826","215602","4187157","1430067","659458",,"3317870","3317870","0","0","0","3143626","2765492","378134","8774674","21728454"
1998-04-01,"6052407","216790","4451485","1384132","663095",,"3268972","3268972","0","0","0","3078496","2751716","326780","8964364","22027334"
1998-05-01,"6458831.3300000001","1439471.308","3527599.824","1491760.1980000001","665519.61300000001",,"3340485.7439999999","3340485.7439999999","0","0","0","3205462.216","2873971.72","331490.49599999998","7777626.9009999996","21447925.803999998"
1998-06-01,"6461567.7220000001","1443680.406","3679406.236","1338481.08","667944.09629999998",,"3449919.7519999999","3449919.7519999999","0","0","0","3212399.8759999997","2850063.5219999999","362336.35399999999","7817795.4529999997","21609626.899300002"
1998-07-01,"6497045","1431316","3107291","1958438","670369",,"3555536","3555536","0","0","0","2987552","2637100","350452","8009264","21719766"
1998-08-01,"6650154","1351645","3385242","1913267","671581",,"3405364","3405364","0","0","0","2942253","2577159","365094","8173941.8499999996","21843293.850000001"
1998-09-01,"6425840","1471470","2694329","2260041","675218",,"3320838","3320838","0","0","0","3040561","2685530","355031","8333235","21795692"
1998-10-01,"6313889","1466762","2355533","2491594","677642",,"3388833","3388833","0","0","0","3125446","2750050","375396","8256197","21762007"
1998-11-01,"6360842.0759999994","1482754.63","2366254.6710000001","2511832.7749999999","680066.49",,"3365064.9309999999","3365064.9309999999","0","0","0","3248276.47","2867126.0839999998","381150.386","8450260","22104509.967"
1998-12-01,"6727461","1448640","3886932","1391889","683703",,"3566679","3566679","0","0","0","3089706","2726695","363011","8692721","22760270"
1999-01-01,"6522583","1427233","3066691","2028659","683703",,"3539770","3539770","0","0","0","3004057","2624246","379811","8582574","22332687"
1999-02-01,"6530810","1452080","3118926","1959804","688552",,"3672051","3672051","0","0","0","3075944","2689647","386297","8753236","22720593"
1999-03-01,"6321782.4100000001","1424826.929","2997646.503","1899308.9779999999","692188.88800000004",,"3597490.8960000002","3597490.8960000002","0","0","0","3044093.5090000001","2655308.8760000002","388784.63299999997","8515817.4130000006","22171373.116"
1999-04-01,"6157042.5279999999","1449723.037","2930369.2420000001","1776950.2490000001","703172.80700000003",,"3602835.0389999999","3602835.0389999999","0","0","0","3067147.642","2690543.483","376604.15899999999","8585697.2139999997","22115895.229999997"
1999-05-01,"6265713.1809999999","1383144.969","3026733.7949999999","1855834.4169999999","706847.92799999996",,"3630094.1860000002","3630094.1860000002","0","0","0","3325422.085","2902878.3790000002","422543.70600000001","8596510.2640000004","22524587.644000001"
1999-06-01,"6534921.2264","1358707.4950000001","3314713.2659999998","1861500.4654000001","709298.00699999998",,"3695724.0279999999","3695724.0279999999","0","0","0","3355022.2119999998","2920581.5359999998","434440.67599999998","8393826.8320000004","22688792.305399999"
1999-07-01,"6193153.7589999996","1325825.5209999999","2876347.0819999999","1990981.156","714198.16500000004",,"3857142.648","3857142.648","0","0","0","3295342.7250000001","2863050.4720000001","432292.25300000003","8391775.5289999992","22451612.825999998"
1999-08-01,"6313790.1900000004","1334366.7560000001","3087652.5660000001","1891770.868","719098.397",,"4013310.199","4013310.199","0","0","0","3342788.1329999999","2891219.889","451568.24400000001","403353.38799999998","14792340.307"
1999-09-01,"6991011.3569999998","1622317.6070000001","3447037.477","1921656.273","722773.446",,"3907787.429","3907787.429","0","0","0","3231665.1779999998","2723373.824","508291.35399999999","706328.53500000003","15559565.944999998"
1999-10-01,"6590947.7869999995","1576123.696","3177427.7289999998","1837396.362","727673.60499999998",,"4138698.9509999999","4138698.9509999999","0","0","0","3447861.6949999998","2870922.4849999999","576939.21","730191.772","15635373.809999999"
1999-11-01,"6563501.1919999998","1560072.3359999999","3314218.7340000002","1689210.122","730123.68500000006",,"4158728.6269999999","4158728.6269999999","0","0","0","3596599.74","2989691.7969999998","606907.94299999997","549377.94700000004","15598331.191000002"
1999-12-01,"7311574.3430000003","1554580.406","3318266.3569999998","2438727.58","732572.52399999998",,"4056974.2590000001","4056974.2590000001","0","0","0","3375461.4910000004","2793364.0380000002","582097.45299999998","719811.777","16196394.394000001"
2000-01-01,"7241372.0299999993","1538176.183","3855149.9070000001","1848045.94","736247.63699999999",,"4140834.2859999998","4140834.2859999998","0","0","0","3216547.4080000003","2704727.0580000002","511820.35","648486.99699999997","15983488.357999999"
2000-02-01,"7227225.3119999999","1576847.2849999999","3842134.5090000001","1808243.5179999999","739922.75",,"4347341.6969999997","4347341.6969999997","0","0","0","3223557.7829999998","2705453.585","518104.19799999997","619726.13100000005","16157773.673"
2000-03-01,"6960845.8620000007","1496391.7390000001","3652726.5610000002","1811727.5619999999","744822.9",,"4224254.5769999996","4224254.5769999996","0","0","0","3269755.0959999999","2731530.1570000001","538224.93900000001","661302.66500000004","15860981.100000001"
2000-04-01,"6807660.3870000001","1505138.601","2316198.7740000002","2986323.0120000001","748498.01300000004",,"4437606.6529999999","4437606.6529999999","0","0","0","3310449.1040000003","2781022.1529999999","529426.95100000012","613977.98","15918192.137"
2000-05-01,"6966133.0039999997","1496901.7379999999","2639813.2779999999","2829417.9879999999","752173.12600000005",,"4462504.4919999996","4462504.4919999996","0","0","0","3220114.9759999998","2732561.3489999999","487553.62699999998","599511.91399999999","16000437.512"
2000-06-01,"7068323.8870000001","1595629.3570000001","2779574.784","2693119.7459999998","755848.23899999994",,"4299558.5489999996","4299558.5489999996","0","0","0","3244481.0630000001","2727229.0329999998","517252.03","622520.40700000001","15990732.145000001"
2000-07-01,"6784014.3640000001","1538920.135","2590519.9849999999","2654574.2439999999","759523.35199999996",,"4501458.03","4501458.03","0","0","0","3190384.8310000002","2662528.1570000001","527856.674","650254.70400000003","15885635.280999999"
2000-08-01,"6766613.125","1518671.3659999999","2246078.1669999999","3001863.5920000002","770518.71499999997",,"4553513.4970000004","4553513.4970000004","0","0","0","3172134.5410000002","2643975.642","528158.89899999998","651644.49699999997","15914424.375000002"
2000-09-01,"6751790.3939999994","1545758.7220000001","2277061.122","2928970.55","775465.86600000004",,"4394780.6220000004","4394780.6220000004","0","0","0","2860018.2779999999","2383363.0219999999","476655.25599999999","984720.64899999998","15766775.809"
2000-10-01,"6749397.4910000004","1487690.6869999999","2354413.7740000002","2907293.03","779176.22900000005",,"4607161.2","4607161.2","0","0","0","2836927.4789999998","2362199.3489999999","474728.13","1000132.236","15972794.635000002"
2000-11-01,"6723111.29","1521735.183","2245342.0109999999","2956034.0959999999","784123.38",,"4634875.9730000002","4634875.9730000002","0","0","0","2808676.5010000002","2315896.483","492780.01799999998","975694.58499999996","15926481.728999998"
2000-12-01,"7398951.5280000009","1561780.6580000001","2629351.6460000002","3207819.2239999999","789070.53",,"4660548.5109999999","4660548.5109999999","0","0","0","2707238.0520000001","2224361.8110000002","482876.24099999998","998119.92500000005","16553928.546000004"
2001-01-01,"6697806.0669999998","1594536.534","1993558.1839999999","3109711.3489999999","792780.89300000004",,"4882438.4579999996","4882438.4579999996","0","0","0","2698538.6690000002","2242644.5240000002","455894.14500000002","1002347.727","16073911.813999999"
2001-02-01,"6760681.1629999997","1572345.0419999999","2028820.6440000001","3159515.477","795254.46900000004",,"4765669.034","4765669.034","0","0","0","2642180.716","2173629.466","468551.25","996674.33499999996","15960459.717"
2001-03-01,"6674558.2929999996","1580303.973","2001719.061","3092535.2590000001","800201.61899999995",,"4792713.0429999996","4792713.0429999996","0","0","0","2631575.8059999999","2163505.3849999998","468070.42099999997","916470.63600000006","15815519.396999998"
2001-04-01,"6810721.4069999997","1614788.7590000001","2087928.6029999999","3108004.0449999999","803911.98199999996",,"4814062.4819999998","4814062.4819999998","0","0","0","2638919.361","2190581.642","448337.71899999998","916497.15599999996","15984112.387999998"
2001-05-01,"6946140.0029999996","1666568.281","2023684.814","3255886.9079999998","810095.92099999997",,"4848342.2850000001","4848342.2850000001","0","0","0","2627988.5609999998","2180677.0929999999","447311.46799999999","913104.81900000002","16145671.589"
2001-06-01,"7418011.0460000001","1664934.62","2488442.807","3264633.6189999999","813806.28399999999",,"4873444.7980000004","4873444.7980000004","0","0","0","2783695.895","2360293.2579999999","423402.63699999999","912789.26599999995","16801747.289000001"
2001-07-01,"7537837.2679999992","1660166.9609999999","2461106.8670000001","3416563.44","821227.01",,"4916262.9570000004","4916262.9570000004","0","0","0","2665622.9330000002","2224184.3650000002","441438.56800000003","939606.22","16880556.388"
2001-08-01,"7513613.9519999996","1707798.4879999999","2273382.0099999998","3532433.4539999999","834156.76",,"4938554.22","4938554.22","0","0","0","2572102.5120000001","2205119.4350000001","366983.07699999999","988959.397","16847386.841000002"
2001-09-01,"7425697.699","1828437.733","2155735.0490000001","3441524.9169999999","839151.71100000001",,"4966244.608","4966244.608","0","0","0","2589866.5190000003","2214282.1370000001","375584.38199999998","1030387.754","16851348.291000001"
2001-10-01,"7411465.8589999992","1784926.034","2192193.13","3434346.6949999998","846644.13699999999",,"5012024.1370000001","5012024.1370000001","0","0","0","2679421.2209999999","2288980.8339999998","390440.38699999999","1033681.856","16983237.209999997"
2001-11-01,"7931943.1339999996","1757018.6089999999","2605965.102","3568959.423","850390.35",,"5030199.4469999997","5030199.4469999997","0","0","0","2608747.1710000001","2225289.915","383457.25599999999","1038603.948","17459884.049999997"
2001-12-01,"7689999.9619999994","1767888.084","2339689.0449999999","3582422.8330000001","850390.35",,"5436458.3789999997","5436458.3789999997","0","0","0","2617547.2409999999","2235109.6719999998","382437.56900000002","1047888.013","17642283.945"
2002-01-01,"7931349.4810000006","1771759.7290000001","2500668.9709999999","3658920.781","860380.25100000005",,"5597572.1270000003","5597572.1270000003","0","0","0","2639367.4819999998","2249688.7009999999","389678.78100000002","883048.40599999996","17911717.747000001"
2002-02-01,"7641200.4780000001","1890158.3770000001","1995220.334","3755821.767","869121.41500000004",,"5634881.5710000005","5634881.5710000005","0","0","0","2680024.6720000003","2274147.145","405877.527","893452.78300000005","17718680.919"
2002-03-01,"7185510.0429999996","1913857.2709999999","2073372.4029999999","3198280.3689999999","875365.103",,"5603408.6160000004","5603408.6160000004","0","0","0","2768335.63","2351463.7620000001","416871.86800000002","911079.93400000001","17343699.326000001"
2002-04-01,"7014409.9500000002","1990240.7749999999","1692461.56","3331707.6150000002","879111.31599999999",,"5635657.5829999996","5635657.5829999996","0","0","0","2771717.3840000001","2360833.4530000002","410883.93099999998","957313.36399999994","17258209.596999999"
2002-05-01,"7368862.8819999993","2110282.625","1695243.0209999999","3563337.236","882857.52899999998",,"5638004.0539999995","5638004.0539999995","0","0","0","2737960.9019999998","2320595.162","417365.74","968801.92200000002","17596487.288999997"
2002-06-01,"6889740.6999999993","2080241.4650000001","1885133.4380000001","2924365.7969999998","892847.43",,"5692919.733","5692919.733","0","0","0","3191099.6","2742016.855","449082.745","618954.72699999996","17285562.189999998"
2002-07-01,"6344413.9249999998","2012084.983","3911479.24","420849.70199999999","901588.59400000004",,"5440189.6210000003","5440189.6210000003","0","0","0","4884289.5049999999","4262915.6030000001","621373.902","629554.31599999999","18200035.960999999"
2002-08-01,"7278659.4979999997","2072517.5889999999","4405462.3770000003","800679.53200000001","920838.22",,"5955426.415","5955426.415","0","0","0","3375184.327","3167816.5789999999","207367.74799999999","500114.53","18030222.990000002"
2002-09-01,"7181986.8990000002","2139275.514","3280046.4470000002","1762664.9380000001","927162.65800000005",,"6004584.6629999997","6004584.6629999997","0","0","0","2711291.068","2506053.4369999999","205237.63099999999","501169.36300000001","17326194.651000001"
2002-10-01,"6979095.801","2129755.4890000001","1926528.6159999999","2922811.696","933487.09699999995",,"6404623.7709999997","6404623.7709999997","0","0","0","2553017.6579999998","2309255.6809999999","243761.97700000001","511476.74","17381701.066999998"
2002-11-01,"6801036.8689999999","2150965.926","2245453.5290000001","2404617.4139999999","939811.53500000003",,"6442399.5729999999","6442399.5729999999","0","0","0","2516803.8849999998","2287800.2089999998","229003.67600000001","523732.739","17223784.601"
2002-12-01,"6709143.699","2366964.7319999998","2360838.824","1981340.1429999999","946135.973",,"6492060.0839999998","6492060.0839999998","0","0","0","2500685.5530000003","2264649.9720000001","236035.58100000001","933800.06499999994","17581825.374000002"
2003-01-01,"6998815.8149999995","2522889.6800000002","1422709.156","3053216.9789999998","952460.41200000001",,"6535786.0199999996","6535786.0199999996","0","0","0","2479823.9910000004","2249396.3930000002","230427.598","952500.89099999995","17919387.128999997"
2003-02-01,"5819461.1509999996","2417576.2889999999","1952732.1810000001","1449152.6810000001","954990.18700000003",,"6939062.0580000002","6939062.0580000002","0","0","0","2784940.4780000001","2471647.7760000001","313292.70199999999","950823.87","17449277.743999999"
2003-03-01,"5845484.1969999997","2286006.6409999998","2107525.8250000002","1451951.7309999999","958784.85",,"6877204.6339999996","6877204.6339999996","0","0","0","2544043.1680000001","2282219.3810000001","261823.78700000001","945943.15599999996","17171460.004999999"
2003-04-01,"6528692.8729999997","2293509.5120000001","2055983.0919999999","2179200.2689999999","960049.73800000001",,"6893481.9879999999","6893481.9879999999","0","0","0","2542654.2980000004","2278480.8820000002","264173.41600000003","960131.89599999995","17885010.793000001"
2003-05-01,"6484110.2149999999","2519033.8539999998","1543714.6259999999","2421361.7349999999","962579.51300000004",,"6912798.9280000003","6912798.9280000003","0","0","0","2559586.1859999998","2296038.8089999999","263547.37699999998","981222.30900000001","17900297.151000001"
2003-06-01,"7319922.8579999991","2406436.34","2287630.713","2625855.8050000002","1042774.176",,"6939005.5530000003","6939005.5530000003","0","0","0","2496222.9070000001","2270472.9870000002","225749.92","973937.60499999998","18771863.098999999"
2003-07-01,"7496223.892","2501141.4810000001","1237317.952","3757764.4589999998","1046868.839",,"6910359.0039999997","6910359.0039999997","0","0","0","2472162.8389999997","2271572.0669999998","200590.772","974189.29","18899803.864"
2003-08-01,"7417484.2540000007","2598602.9900000002","844948.46299999999","3973932.801","1066861.74","50219.183456699997","6883796.7719999999","6883796.7719999999","0","0","0","2510655.7069999999","2284340.2280000001","226315.47899999999","961369.55","18890387.206456702"
2003-09-01,"7776966.347000001","2690751.5460000001","1081241.9110000001","4004972.89","1069629.2150000001","45808.3593884","6803152.3669999996","6803152.3669999996","0","0","0","2519607.372","2288022.3539999998","231585.01800000001","989022.35199999996","19204186.012388404"
2003-10-01,"8774877.1429999992","2729831.378","3080909.8840000001","2964135.8810000001","1072396.69","46007.860042499997","6988649.3890000004","6988649.3890000004","0","0","0","2698734.682","2529535.676","169199.00599999999","986067.38899999997","20566733.153042499"
2003-11-01,"7850527.0839999989","2800460.6719999998","1601887.7","3448178.7119999998","1075164.166","44567.939892000002","7244270.0870000003","7244270.0870000003","0","0","0","2492559.8590000002","2344280.926","148278.93299999999","978045.21600000001","19685134.351892002"
2003-12-01,"8571642.3260000013","2966965.5180000002","2452255.7560000001","3152421.0520000001","1082082.8540000001","43960.998880200001","7252574.79","7252574.79","0","0","0","2497080.2140000002","2326422.2230000002","170657.99100000001","1029076.69","20476417.872880206"
2004-01-01,"7952113.4700000007","2899407.3110000002","1130448.2919999999","3922257.8670000001","1084850.3289999999","42966.775823999997","7294253.557","7294253.557","0","0","0","2496801.733","2328139.915","168661.818","1025306.65","19896292.514823999"
2004-02-01,"7707079.7229999993","2814015.2209999999","1142809.345","3750255.1570000001","1086234.067","42858.968027499999","7392501.9129999997","7392501.9129999997","0","0","0","2551615.091","2347644.0109999999","203971.08","1022402.777","19802692.539027497"
2004-03-01,"7909395.5899999999","3025288.6340000001","1229088.5260000001","3655018.43","1090385.28","78451.0782492","7332545.0269999998","7332545.0269999998","0","0","0","2611810.088","2388288.7239999999","223521.364","1027415.942","20050003.005249202"
2004-04-01,"7065351.2310000006","2785665.8930000002","1072290.3770000001","3207394.9610000001","1091769.0179999999","75983.714137799994","7688119.4000000004","7688119.4000000004","0","0","0","2924422.023","2668465.4730000002","255956.55","1005804.01","19851449.3961378"
2004-05-01,"7276850.2820000006","2833140.3560000001","1130443.3","3313266.6260000002","1093152.7549999999","76343.305523999996","7706146.4809999997","7706146.4809999997","0","0","0","2651596.7309999997","2420688.9619999998","230907.769","1014933.519","19819023.073523998"
2004-06-01,"7249974.6300000008","2831821.486","827319.69400000002","3590833.45","1095920.2309999999","75992.862686399996","7897110.0659999996","7897110.0659999996","0","0","0","2473963.7450000001","2610291.9330000002","-136328.18799999999","954929.46","19747890.994686402"
2004-07-01,"7655434.2500000009","2802552.8080000002","1591090.094","3261791.3480000002","1097303.9680000001","73584.123880800005","7845280.7889999999","7845280.7889999999","0","0","0","2183913.193","2376140.1189999999","-192226.92600000001","952018.60900000005","19807534.9328808"
2004-08-01,"8023976.1370000001","2960644.9920000001","1189411.4380000001","3873919.7069999999","1101455.1810000001","71729.867603999999","8037146.7929999996","8037146.7929999996","0","0","0","2160394.7909999997","2354809.3029999998","-194414.51199999999","957387.24600000004","20352090.015604001"
2004-09-01,"8749258.057","3004698.6719999998","1599055.486","4145503.8990000002","1125090.3570000001","66502.899027599997","7881821.54","7881821.54","0","0","0","2169959.2019999996","2360895.1009999998","-190935.899","958619.29099999997","20951251.346027602"
2004-10-01,"9132782.5779999997","3099533.639","1166765.2009999999","4866483.7379999999","1129320.02","58729.760870400001","7809418.3080000002","7809418.3080000002","0","0","0","2179241.0439999998","2370034.8459999999","-190793.802","948397.76","21257889.470870402"
2004-11-01,"9734208.9010000005","3319302.8840000001","1545238.807","4869667.21","1130729.9069999999","60635.460143800003","7737004.6270000003","7737004.6270000003","0","0","0","2188633.321","2373563.7889999999","-184930.46799999999","954000.91299999994","21805213.129143801"
2004-12-01,"10224678.534","3211070.37","1375403.99","5638204.1739999996","1133549.683","121290.4945764","7865811.2659999998","7865811.2659999998","0","0","0","2182129.534","2458305.9879999999","-276176.45400000003","904512.12899999996","22431971.640576396"
2005-01-01,"9323292.0189999994","3131229.0389999999","1591803.162","4600259.818","1134959.57","121270.52899999999","7739820.0789999999","7739820.0789999999","0","0","0","2110832.5373415002","2379382.1282995003","-268549.59095799999","903756.60699999996","21333931.341341499"
2005-02-01,"9579055.876582399","3196883.9774326002","1312550.8831265999","5069621.0160232","1136369.45799","118981.95172500001","7850747.0214137994","7850747.0214137994","0","0","0","2116340.9249796001","2382469.2148508001","-266128.28987120005","890953.71639600012","21692448.9490868"
2005-03-01,"9460857.4769271985","3143194.0526343998","1800649.122736","4517014.3015567996","1162823.2333200001","118240.9017576","7428628.385268","7428628.385268","0","0","0","2078737.2009812002","2340573.3805956002","-261836.17961440003","937439.99493860011","21186727.193192601"
2005-04-01,"10077668.482667999","3174623.8206967996","1765332.9656544002","5137711.6963167991","1162823.2333200001","195024.29319600001","7701675.1242388012","7701675.1242388012","0","0","0","2086225.8392252","2333945.7515516002","-247719.91232640005","941505.79669740028","22164922.769345403"
2005-05-01,"9958133.8985744007","3082460.3400271996","1741466.8270120001","5134206.7315352","1162823.2333200001","174906.00914479999","7613348.9498908008","7613348.9498908008","0","0","0","2132311.6254803999","2357099.2362476001","-224787.61076720001","900332.94322620006","21941856.659636602"
2005-06-01,"10397272.508079201","3220796.0769488001","1899594.6226712","5276881.8084592","1162823.2333200001","154642.11702960002","7822369.6498398259","7822369.6498398259","0","0","0","2091503.6640659994","2324082.6177763995","-232578.9537104","878362.55823333992","22506973.730567966"
2005-07-01,"10987597.840520002","3142006.3171070004","1870558.7333055004","5975032.7901075007","1158505.8203250002","150747.70531100003","7736475.1400209898","7736475.1400209898","0","0","0","2063927.4131655004","2295422.5558085004","-231495.142643","871991.95549460954","22969245.874837101"
2005-08-01,"11675622.328539399","3159349.7108843997","1741175.2031322001","6775097.4145227997","1155627.5449949999","89291.715118099994","7458832.9553848673","7458832.9553848673","0","0","0","2068229.6177248002","2295838.4415787002","-227608.82385389996","869609.95818201941","23317214.119944185"
2005-09-01,"12015032.6634512","3459645.2521096002","1687252.7534113999","6868134.6579302","1154188.4073299998","89014.939512799989","7504414.5232054666","7504414.5232054666","0","0","0","2075237.2631166","2299433.5338454","-224196.27072879998","877130.04216621909","23715017.838782281"
2005-10-01,"12909864.849519998","3453442.2695999998","2382509.8652799996","7073912.714639999","1151310.132","88759.801599999992","7547775.4588146219","7547775.4588146219","0","0","0","2011828.8409800003","2266887.7471800004","-255058.9062","873088.36374668649","24582627.446661308"
2005-11-01,"13921781.29208","3647985.4516799999","3310255.0532799996","6963540.7871199995","1151310.132","142187.64336000002","7442374.4876842704","7442374.4876842704","0","0","0","2044144.8835399998","2273672.1037099999","-229527.22017000002","861715.47588534595","25563513.914549615"
2005-12-01,"14387087.775680002","3764877.4628000003","4248264.1512799999","6373946.1616000002","1151310.132","141951.9296","8025201.6126792217","8025201.6126792217","0","0","0","2071439.2541300002","2296622.2714300002","-225183.01730000001","876105.0545043078","26653095.758593533"
2006-01-01,"14714299.331599999","4140706.9688000004","2868839.9045600002","7704752.4582399996","1151310.132","1430492.0931200001","6201962.2581915269","6201962.2581915269","0","0","0","2114275.9948799997","2318365.1538299997","-204089.15894999998","1042948.5760164212","26655288.385807946"
2006-02-01,"15105361.178061001","4006563.0862922003","3804394.1401591999","7294403.9516095994","1149870.9943349999","1427619.2455362","6193046.8607636504","6193046.8607636504","0","0","0","2156549.3971356","2360409.5976783","-203860.20054269998","1035847.4487608972","27068295.124592349"
2006-03-01,"16167929.237878099","4282752.5010556001","4043914.4347867998","7841262.3020356987","1146992.7190050001","1424065.4522139002","5986453.274044022","5986453.274044022","0","0","0","2106930.4973109001","2307738.8156622001","-200808.3183513","1040576.5871420456","27872947.767593965"
2006-04-01,"17757974.478464402","4599865.9996392","4590879.4216028005","8567229.0572223999","1145553.5813400003","1471179.4299827998","6023753.1478593769","6023753.1478593769","0","0","0","2057737.1183431998","2270096.4536267999","-212359.3352836","1046318.9085560618","29502516.664545842"
2006-05-01,"19208852.053100798","4754150.7543243999","4445369.8830739995","10009331.415702399","1168836.5813400003","1472543.7469187998","6037262.3542690426","6037262.3542690426","0","0","0","2040605.7025151995","2248664.1293403995","-208058.42682520003","1047481.852134948","30975582.290278789"
2006-06-01,"19808932.740658805","4339822.3980460009","4891174.4453828","10577935.897230001","1168836.5813400003","1470815.6720719999","6080658.6036406849","6080658.6036406849","0","0","0","2104661.8024987997","2314047.3731644","-209385.57066560001","1030510.0049497155","31664415.405160002"
2006-07-01,"21377776.595278397","4608278.4282883992","4781003.6748652002","11988494.492124798","1168836.5813400003","1471144.9910428","6061796.5945467968","6061796.5945467968","0","0","0","2029819.2230087996","2248585.6194979995","-218766.39648920001","1037348.2138696997","33146722.199086491"
2006-08-01,"22128368.667456001","4484410.1705294997","3151089.0889095003","14492869.408017","1167368.1936750002","1451040.2161050001","6101099.3089894084","6101099.3089894084","0","0","0","2034003.5030140001","2251674.7237565001","-217671.22074250001","1031204.2375810926","33913084.126820505"
2006-09-01,"23037901.606585499","4361148.5109330006","2756242.4793194998","15920510.616332998","1167368.1936750002","1450892.5140089998","6137680.9469542913","6137680.9469542913","0","0","0","2017883.6619065003","2232433.4577495004","-214549.795843","1027997.7460716065","34839724.669201896"
2006-10-01,"23713293.352476001","4378871.4863189999","2692606.7256254996","16641815.140531499","1167368.1936750002","1398402.0789315","6163028.1995098209","6163028.1995098209","0","0","0","2035752.0625845005","2255212.2110910006","-219460.1485065","1012238.6500156856","35490082.537192509"
2006-11-01,"24514905.632131498","4609727.6012280006","2604026.2043025","17301151.826600999","1167368.1936750002","1398550.176063","6189891.9684663899","6189891.9684663899","0","0","0","2054292.778558","2270925.6604169998","-216632.88185899996","1016825.2765705021","36341834.025464386"
2006-12-01,"25317554.3593596","4580286.1826214995","3449740.2054908001","17287527.971247301","1164431.4183450001","1394996.8377163","6220472.3105081106","6220472.3105081106","0","0","0","2015642.5982008995","2238543.6198417996","-222901.02164090003","1013914.3761964981","37127011.900326401"
2007-01-01,"25745597.873973601","4667681.7333559003","2539197.6459639999","18538718.494653702","1161494.643015","1462035.4806049999","6253251.2467825497","6253251.2467825497","0","0","0","2028701.4490119002","2240038.9334296002","-211337.4844177","1013446.6134800249","37664527.306868069"
2007-02-01,"26701643.784682199","4752758.8865423994","3194670.5164446002","18754214.3816952","1158557.8676849999","1460612.4809016001","6289791.7734693429","6289791.7734693429","0","0","0","2033257.7821990994","2256623.2304378995","-223365.44823879999","1010904.2234631063","38654767.912400343"
2007-03-01,"27988767.7443741","4763330.6984891994","3166859.6841986999","20058577.3616862","1158557.8676849999","1460325.9078171002","6044846.1644438067","6044846.1644438067","0","0","0","1993351.8087856998","2226971.3554404997","-233619.54665480001","1009651.2594705903","39655500.752576292"
2007-04-01,"29579574.210644402","4903682.0904392991","3262482.7736895001","21413409.346515603","1158557.8676849999","1513295.9949210002","6088904.9593812963","6088904.9593812963","0","0","0","2019262.0957135002","2228683.8665053002","-209421.77079179997","1011739.9040170942","41371335.03236229"
2007-05-01,"30341620.787673302","4682534.0032829996","2522509.9111434999","23136576.8732468","1155621.0923550001","1574738.8193877998","6130084.3602970354","6130084.3602970354","0","0","0","2089729.9068454001","2293594.6884292001","-203864.78158380001","999703.47887413378","42291498.44543267"
2007-06-01,"30519642.066203497","4644349.1906245006","2821486.0137935001","23053806.861785498","1152684.317025","1566654.0718135","6173003.6754959794","6173003.6754959794","0","0","0","2035691.463153","2253624.399768","-217932.93661500001","994742.00275147264","42442417.596442446"
2007-07-01,"31975925.445487801","4710146.7963752998","4304674.7858415004","22961103.863271002","1162537.815705","1554092.9738775","6215513.6124774357","6215513.6124774357","0","0","0","2021864.9106748998","2243143.6716708997","-221278.760996","988856.59391855611","43918791.352141194"
2007-08-01,"33775033.484238297","4676281.9322168995","3590732.5751511003","25508018.976870295","1153560.6897150001","1545507.7860866999","6258181.3027422996","6258181.3027422996","0","0","0","1936314.4790506002","2154572.5867551002","-218258.10770450003","980470.9516208939","45649068.693453789"
2007-09-01,"36559785.304430403","5159806.9896401996","1908133.6859211","29491844.628869101","1153560.6897150001","1503022.5740993998","6304010.9898823006","6304010.9898823006","0","0","0","1929687.0465467002","2178422.7559636002","-248735.70941689998","994330.52964065864","48444397.134314455"
2007-10-01,"37717054.047128297","5466280.9797999002","1933104.2657081999","30317668.8016202","1147575.939055","1496289.9860272","6351578.7026582994","6351578.7026582994","0","0","0","1937542.5027903002","2171003.1148099001","-233460.61201959997","997111.57415315451","49647152.751812257"
2007-11-01,"38751786.395259701","5518661.743380799","2911920.0050444002","30321204.6468345","1141591.1883950001","1481265.4238396001","6401261.7075186996","6401261.7075186996","0","0","0","2071741.0194585","2326120.2848727","-254379.2654142","981481.16568064585","50829126.900152147"
2007-12-01,"40261196.811808005","5785814.9549179003","3664296.6149500003","30811085.241940103","1132614.062405","1469274.5926172","6510751.0872791996","6510751.0872791996","0","0","0","2118621.2585100997","2417225.4733647997","-298604.21485469997","998084.07534919761","52490541.887968697"
2008-01-01,"42337186.495984808","6381240.2699075993","3321665.3835276002","32634280.842549603","1126629.3117449998","1441262.9767727999","6549662.8647228004","6549662.8647228004","0","0","0","1884141.5839312","2137967.4517248999","-253825.86779370002","1011630.993359496","54350514.226516113"
2008-02-01,"44890107.5758982","6632356.266214001","3301798.7977764998","34955952.511907704","1120644.5610849999","1434061.2054468002","6582893.6410250003","6582893.6410250003","0","0","0","1932302.0143056002","2185143.7397901001","-252841.7254845","1015553.3798958388","56975562.377656437"
2008-03-01,"46116009.251465999","6281099.3527420005","2463131.3395079998","37371778.559216","1107178.8721","1512524.9853459999","6621173.5517600002","6621173.5517600002","0","0","0","2049594.3630499998","2298075.6556119998","-248481.29256199999","995194.8450046113","58401675.868726611"
2008-04-01,"47514383.623777002","5794603.522485001","3910383.904838","37809396.196454003","1109262.49545","1563608.9224840002","6804914.865975","6804914.865975","0","0","0","2011227.8621220004","2260966.8250470003","-249738.96292499994","1001574.5462325144","60004972.316040516"
2008-05-01,"49227465.518444493","5770929.0764152994","1726179.4634098001","41730356.978619397","1095586.6564650002","1476080.9056679001","6986924.5264624218","6986924.5264624218","0","0","0","1881605.1350755002","2124030.2880286002","-242425.15295309998","959036.58497527137","61626699.327090591"
2008-06-01,"50682503.197055198","6024101.3483560001","1718767.0449232","42939634.803775996","1081910.81748","1458089.0850207999","7097211.7991093369","7097211.7991093369","0","0","0","1766682.9399808","1980484.6049116","-213801.66493080003","1024709.5766072011","63111107.415253334"
2008-07-01,"52363341.169638395","5816055.0249472","1963140.6330623999","44584145.511628799","1069754.5161600001","1421839.2776895999","8217458.9575829636","8217458.9575829636","0","0","0","1853807.6409936","2117866.5755908","-264058.93459719996","944604.43932341121","65870806.001387969"
2008-08-01,"53890413.739977404","5331283.6842690995","1180997.499324","47378132.556384303","1065195.903165","1417114.6668089002","8214144.7834493443","8214144.7834493443","0","0","0","1737047.2095357","2005805.5547537","-268758.345218","930190.21777584322","67254106.520712197"
2008-09-01,"54586906.463319302","5775070.0453169998","1256230.2144351001","47555606.203567199","1062156.8278350001","1414289.6281110002","8212356.910058205","8212356.910058205","0","0","0","1713620.0604930003","1982663.0616327003","-269043.00113970001","989916.72010854003","67979246.609925047"
2008-10-01,"52525111.134775892","4686931.3346090997","1828007.1571954","46010172.642971396","1059117.752505","1409297.7965654002","8620586.6963024009","8620586.6963024009","0","0","0","1833771.1876761001","2102876.9833696","-269105.79569349997","1022159.3388915061","66470043.906716295"
2008-11-01,"53076840.7992035","5187062.7640811997","1509908.0352909998","46379869.999831297","1059117.752505","1412384.3840469001","8762629.9811278526","8762629.9811278526","0","0","0","1743601.5768749001","2089590.8416293","-345989.26475440001","950614.89114572247","67005189.384903863"
2008-12-01,"53823581.082800202","5537412.2619452002","2923295.0538379","45362873.767017104","1059117.752505","1416891.8895290003","8909853.7007267643","8909853.7007267643","0","0","0","1681223.1419049997","1961184.7071947998","-279961.5652898","981375.98671203176","67872043.554177999"
2009-01-01,"54248053.701959401","5762161.4999202993","946349.24693359993","47539542.955105498","1059117.752505","1420046.6793666","9047580.1424920466","9047580.1424920466","0","0","0","1673697.5083570001","1935354.4019375001","-261656.89358050001","984796.43216642202","68433292.216846481"
2009-02-01,"53519239.187979802","6001293.3390987003","858922.99607569992","46659022.852805398","1059117.752505","1419923.5226728001","9114654.2671885844","9114654.2671885844","0","0","0","1687385.5273608002","1959953.9158817001","-272568.38852089999","1014630.8918631061","67814951.149570093"
2009-03-01,"54102540.615366384","5827390.6322431993","6357176.7969197994","41917973.18620339","1077518.552505","1464595.5585022999","9120921.0911779255","9120921.0911779255","0","0","0","1668653.7564453001","1935427.3287076","-266773.57226229995","976157.98450127745","68410387.558498189"
2009-04-01,"53946332.169090107","5718567.3876943998","1110525.9155605","47117238.865835205","1077518.552505","1463615.5238091","9141519.7318625227","9141519.7318625227","0","0","0","1668955.8846503003","1935510.0886447001","-266554.20399439998","945125.59017731948","68243067.452094346"
2009-05-01,"55021950.843874097","6098442.9666209994","795002.67655219988","48128505.200700901","1077518.552505","1473771.8579848001","9175456.2416043989","9175456.2416043989","0","0","0","1661636.8732586999","1935835.7677690999","-274198.89451039996","916703.56226382486","69327037.931490824"
2009-06-01,"55442875.591960505","5964510.9213054003","1043770.9029614999","48434593.767693602","1077518.552505","1474590.7896313998","9203369.0336943232","9203369.0336943232","0","0","0","1659001.7236321","1935762.5045232","-276760.7808911","933185.92596169934","69790541.61738503"
2009-07-01,"55798882.641403399","5940618.2025063997","924887.42339080002","48933377.0155062","1077518.552505","1473688.6634374999","9221719.7844025996","9221719.7844025996","0","0","0","1634425.1234287003","1935755.0272466002","-301329.90381789999","921035.17124425771","70127269.936421469"
2009-08-01,"57900258.155314304","6086661.3345983997","1199390.7270223999","50614206.093693502","1077518.552505","1475518.8353734","9464105.4942082688","9464105.4942082688","0","0","0","1385771.9800684","1700106.4729304002","-314334.49286200001","923917.06985515635","72227090.08732453"
2009-09-01,"58920080.131236106","6318336.9207878001","1244631.8127497002","51357111.397698604","1077518.552505","1466562.8431630002","9508039.8963770848","9508039.8963770848","0","0","0","1377463.5041486002","1700316.6055997002","-322853.10145109997","1048886.4418083369","73398551.369238138"
2009-10-01,"59924216.082359195","6667879.1064133998","1414788.0057627999","51841548.970182993","1077518.552505","1465994.1285222","9516367.0472101867","9516367.0472101867","0","0","0","1402107.2953981","1700579.5632153","-298472.26781719999","1176694.3646637066","74562897.470658392"
2009-11-01,"61060341.526485197","7499489.0802059006","1308457.8167423999","52252394.629536897","1077518.552505","1469400.7547056999","9523904.5906263795","9523904.5906263795","0","0","0","1382130.0185341001","1700708.6289354002","-318578.61040130001","1167517.8600906816","75680813.302947059"
2009-12-01,"59806022.747445002","6953214.4274514997","1497111.4679729999","51355696.852020502","1077518.552505","1465746.1637325","9529623.429569371","9529623.429569371","0","0","0","1363710.9500244004","1700107.7628236003","-336396.81279920001","967833.28800320788","74210455.131279483"
2010-01-01,"59651552.061429292","6916271.0518664001","1301356.6743104998","51433924.335252389","1077518.552505","1473106.9309974001","9535059.1605773419","9535059.1605773419","0","0","0","1345657.6847679005","1699841.7802548003","-354184.09548689995","985881.80635675939","74068776.196633697"
2010-02-01,"59408061.428270608","7017291.1470837994","1929704.6982171999","50461065.582969606","1077518.552505","1439683.5989692002","9797432.7669611126","9797432.7669611126","0","0","0","1166485.3413148001","1515613.7088330002","-349128.36751819996","860040.87328104198","73749222.561301768"
2010-03-01,"58886237.634420499","7008753.4608173994","1370840.3745792999","50506643.7990238","1109057.802505","1439308.0205192","9652773.7255308256","9652773.7255308256","0","0","0","1191800.7341219997","1514661.9388680998","-322861.2047461","819226.81073873036","73098404.727836236"
2010-04-01,"58827997.539746501","7419615.0588884996","1611707.8388982001","49796674.641959801","1109057.802505","1484227.9310163001","9659099.0383922439","9659099.0383922439","0","0","0","1170983.7520394996","1514533.3334973997","-343549.58145790006","939410.62598656083","73190776.68968612"
2010-05-01,"58940264.371552393","7719538.9421903994","3515061.9320140001","47705663.497347996","1109057.802505","1485645.4801371002","9668501.6874224395","9668501.6874224395","0","0","0","1166095.6339952999","1513740.716547","-347645.0825517","911092.38666355726","73280657.362275794"
2010-06-01,"59499653.68367549","7878840.8670477998","3588246.0857165996","48032566.730911091","1109057.802505","1486950.0752501001","9682308.8460074086","9682308.8460074086","0","0","0","1186149.2433835999","1510981.1672930999","-324831.92390950001","910302.85888616415","73874422.509707764"
2010-07-01,"60062575.498927504","7419842.7949956991","3757037.1502818996","48885695.553649902","1109057.802505","1487492.2787292001","9693175.6800464783","9693175.6800464783","0","0","0","1149029.1973255998","1511699.0651924999","-362669.86786689999","903941.50536665798","74405271.962900445"
2010-08-01,"60907225.103593394","7863295.6592500992","3402595.0393222999","49641334.405020997","1109057.802505","1587585.3126474","9791427.9140530452","9791427.9140530452","0","0","0","1162700.4061178998","1511360.9069299998","-348660.50081210001","932779.85229411745","75490776.391210854"
2010-09-01,"63137186.832641989","8319046.5371774994","4624386.6100338995","50193753.685430594","1290277.802505","1588873.3370733","9753324.3667033967","9753324.3667033967","0","0","0","1181413.0452564997","1512135.1419878998","-330722.0967314","956516.66383262991","77907592.048012808"
2010-10-01,"64175800.356103592","8534466.8906605002","4576267.9416148998","51065065.523828194","1327233.4395050001","1592238.3683181002","9792233.1392551642","9792233.1392551642","0","0","0","1158325.5548749","1512377.547645","-354051.99277010001","966234.5753785905","79012065.433435351"
2010-11-01,"64546841.092735201","8673374.8630583994","5492376.1769328006","50381090.052744001","1325329.2308400001","1621953.4103063999","9935588.3011376951","9935588.3011376951","0","0","0","1158087.9419219999","1509561.1879135999","-351473.24599159998","1006406.862181762","79594206.839123055"
2010-12-01,"67527617.543094203","11077558.3958946","5257321.0101923998","51192738.137007199","1320776.230279","1620704.6426796003","10215179.760334298","10215179.760334298","0","0","0","1292932.4461788","1540134.0896598001","-247201.64348099998","983472.6054411463","82960683.228007048"
2011-01-01,"69509261.353923604","10547739.554605801","8281987.5704942001","50679534.228823602","1284753.1099100001","1621150.3936746002","10219703.471415853","10219703.471415853","0","0","0","1165866.7598908001","1505481.9798652001","-339615.21997440007","1016323.288895241","84817058.377710074"
2011-02-01,"71665470.513342813","11084365.408619199","9579071.4618484005","51002033.642875209","1281329.7809979999","1581863.703244","10378496.381381204","10378496.381381204","0","0","0","1166556.3279627999","1501259.8268500001","-334703.49888720002","1001986.0394556038","87075702.746384427"
2011-03-01,"72345938.155424997","11151134.804874001","11589232.145868","49605571.204682998","1313133.0277739998","1475062.5984419999","10562453.798518805","10217773.154698804","0","0","344680.64382","1096133.1636680001","1497238.2001820002","-401105.03651399998","1032261.9817526608","87824982.725580484"
2011-04-01,"74069133.936422303","12028962.825887801","13415344.0846035","48624827.025931001","1310564.0046317","1447788.9203089001","10593000.562673358","10221850.589773359","0","0","371149.97289999999","1135944.2014239","1520633.0068842999","-384688.80546040001","927090.51685851265","89483522.142318681"
2011-05-01,"73562133.850506604","12038113.417524999","12542516.358384999","48981504.074596599","1310881.8501844001","1469146.3909355998","10730353.709291456","10225919.276841456","0","0","504434.43244999996","1298665.8079592003","1620241.5905833002","-321575.78262409999","933626.00983281748","89304807.618710071"
2011-06-01,"73968047.618697599","11799403.800116798","12990151.872086398","49178491.946494401","1310899.15068","1467229.45704","10950094.372409625","10261208.545599625","0","0","688885.82681","1135081.8582756","1460588.7445968001","-325506.8863212","929281.621700463","89760634.078803301"
2011-07-01,"75821999.997132301","12612494.211366899","11835920.050729802","51373585.735035598","1307440.1582697001","1467053.8247741999","10961843.065049965","10265000.044399966","0","0","696843.02064999996","1190864.9637164001","1508389.4992814001","-317524.53556499997","897829.04574070149","91647031.054683283"
2011-08-01,"79934836.422144592","17209459.943289299","12089028.0032649","50636348.4755904","1310183.0530353002","1468994.6553525","11391022.29403439","10268914.80559439","0","0","1122107.48844","1181444.8711160002","1458493.8687824002","-277048.99766640004","995586.56150187866","96282067.857184663"
2011-09-01,"78372482.601707697","15153218.908873202","15234876.542555999","47984387.150278494","1312650.2463882","1468887.1300971","11430465.560435111","10272743.333715111","0","0","1157722.2267199999","1173214.8700196003","1457809.1994299002","-284594.32941030001","950269.06923340214","94707969.477881119"
2011-10-01,"81772444.488698989","16317302.390842801","11468523.973162498","53986618.124693699","1316412.6760155","1469109.8396273998","11936102.019630743","10276945.292140743","0","0","1659156.72749","1180401.0879733004","1458264.1479362003","-277863.05996290001","997257.29658793914","98671727.408533871"
2011-11-01,"83105865.002847403","16070103.809720803","12028867.167459801","55006894.025666796","1323655.4551836001","1466337.6497028","13112950.238872498","10280373.010582499","0","0","2832577.22829","1033806.9248980003","1455491.2160748004","-421684.29117680003","975948.38465334382","101018563.65615764"
2011-12-01,"82450478.707279205","14468251.192382401","13516651.656572402","54465575.858324401","1345000.1752613999","1466637.9769355999","13474727.435007114","10233351.568457114","0","0","3241375.8665500004","1072530.0812348002","1455186.7457450002","-382656.66451020003","930146.48229589174","100739520.85801399"
2012-01-01,"85675432.721709594","16173330.497258199","11518018.923202401","57984083.301248997","1313989.6465836","1467652.6341162","13482036.282134442","10237866.466994442","0","0","3244169.8151400001","1059573.827183","1455326.5323080001","-395752.70512500004","1045100.634090982","104043785.74581781"
2012-02-01,"87388218.98749879","16676785.268196201","11401684.8898484","59309748.829454198","1389030.3120022002","1465429.6639444001","13510904.638329802","10242093.283989802","0","0","3268811.3543400001","1065606.3085166002","1455591.3235746003","-389985.01505800005","1027730.8815675391","105846920.79185933"
2012-03-01,"87434750.575699806","15529121.964305602","12473054.200626601","59432574.4107676","1438686.2569506001","1464372.7960176","13847224.890417706","10111653.837807706","0","0","3735571.0526100001","1051593.3795060001","1455463.3347710001","-403869.955265","956069.08762636583","106192696.98621809"
2012-04-01,"86251832.207860202","15490566.077518001","14313608.0780966","56447658.052245602","1506553.5614793999","1481045.4287860002","14202640.715429721","10115697.028389722","0","0","4086943.6870399998","1055430.4774048","1455419.0896918001","-399988.61228700005","963974.53918830561","105461476.93014844"
2012-05-01,"85215126.911662996","14632885.502355402","9423291.2815005984","61158950.127806999","1532314.0467502","1482194.6124188001","14247152.078893941","10119302.579173941","0","0","4127849.4997199997","1066103.0537634003","1454734.2089694003","-388631.15520600002","1020312.9132556216","104563203.61674497"
2012-06-01,"85327100.040478796","14562580.806418402","13608641.219787601","57155878.014272802","1578690.8245080002","1481949.9960006","14445406.834442645","10123145.124862647","0","0","4322261.7095799996","1183071.672702","1454791.0737731999","-271719.40107120003","932467.63969554426","104948687.00782758"
2012-07-01,"87446507.524616808","15173854.463936001","17224136.970315799","55048516.090365","1431232.9660090001","1482570.3959472","14513916.179372508","10127110.454592509","0","0","4386805.7247799998","1176639.3959552001","1454639.3283094","-277999.93235419999","994608.33695584536","107045474.79885657"
2012-08-01,"89616536.362875193","15513497.1073572","17821701.2959566","56281337.9595614","1568732.7414234001","1482541.7988710001","14686161.577304674","10131157.060354674","0","0","4555004.5169500001","1181724.9944386003","1454840.3227422002","-273115.32830360002","993256.15062823216","109528953.62554111"
2012-09-01,"92054803.181300402","16667377.845749401","18571786.9285536","56815638.406997405","1644074.7437296002","1483126.7739834001","15502153.158547936","10134948.215867937","0","0","5367204.9426799994","1184212.7410716002","1455161.2378640003","-270948.49679240002","958818.18863150931","112827188.78726445"
2012-10-01,"94475395.601774603","16054075.550403802","25004612.824354801","53416707.227016009","1778874.1712448001","1482075.7007672","17147062.676713027","10138998.174373025","0","0","7008064.5023400001","1203894.0844162002","1455197.3567930001","-251303.27237680001","995073.25606096326","117082375.4909768"
2012-11-01,"95528814.978723004","16224812.657212602","21675658.182812199","57628344.138698205","2088742.5086149999","1481093.2805102","17178990.019936338","10142650.930216338","0","0","7036339.0897199996","1227195.4815882004","1455208.2442990004","-228012.76271080002","951385.3348874579","118456221.60426021"
2012-12-01,"95536782.480309814","15553823.844423201","21999514.791595604","57983443.844291009","2165623.1176832002","1479399.4149354","18150665.290574666","10145968.422704667","0","0","8004696.8678700002","1230435.4774110003","1455405.7225702002","-224970.24515920001","924704.38503400248","119487610.16594809"
2013-01-01,"96374004.759692788","15763268.441206999","23987927.044960201","56622809.273525596","1385484.1995050001","1477338.0909910002","18162938.673623275","10150299.980343275","0","0","8012638.6932800002","1137182.9219524001","1455685.8809914002","-318502.95903900004","1049339.0262229","119586287.67198737"
2013-02-01,"96731574.449857205","15022913.5831936","21990093.202699997","59718567.663963601","1425897.5145729999","1477117.1005499996","18313701.260539122","10154132.682619121","0","0","8159568.5779200001","1210416.4105458001","1455332.2267254002","-244915.81617959999","1053143.3046769961","120211850.0407421"
2013-03-01,"97333384.033607394","15135499.286616802","20869355.215167198","61328529.531823404","1426675.2921806001","1476364.7005519997","18272728.965592954","10025382.503412955","0","0","8247346.4621799998","1203895.5664372002","1455050.1896246001","-251154.62318739999","913280.73220551992","120626329.29057567"
2013-04-01,"97453275.872328609","13878083.391046001","19259710.790720403","64315481.690562211","1423714.8007334","1493094.4947506001","18616459.926505715","10029005.718715716","0","0","8587454.2077900004","1219792.6225956001","1455308.3172244001","-235515.6946288","905083.92654919694","121111421.64346312"
2013-05-01,"96088896.884576395","13120177.6269494","19080057.310143203","63888661.947483793","1430046.3536674001","1741760.6581102","18889985.105671912","10032726.909591915","0","0","8857258.1960799992","1232462.1833268004","1455179.3535462003","-222717.1702194","881824.53189628141","120264975.71724898"
2013-06-01,"95704237.555535004","11300030.8440712","20979180.331727799","63425026.379736006","1429982.9271364","1742357.6282756","19359762.992299199","10036471.562839201","0","0","9323291.4294600002","1239326.3294770003","1455262.1489094002","-215935.81943240002","833272.14038414392","120308939.57310735"
2013-07-01,"98170463.099377215","12472056.307571001","18815565.492833201","66882841.298973016","1354505.2114608001","1742528.9573929999","19912255.895911835","10040293.476231836","0","0","9871962.4196799975","1229150.4597130001","1455436.2945718002","-226285.83485879999","879656.35906176863","123288559.98291761"
2013-08-01,"98793498.707574993","13227760.375590598","21553042.596320201","64012695.735664204","1370013.4790048001","1742359.0503535999","20164254.611691099","10044212.706711099","0","0","10120041.90498","1235258.4780400002","1455424.0372136002","-220165.55917359999","904601.62892094487","124209985.95558544"
2013-09-01,"99583003.25172919","12550173.569113601","22251725.1361566","64781104.546458997","1376664.9642284","1742588.8905376","20372767.879881971","10047710.907671971","0","0","10325056.972209999","1212527.7407918002","1455642.4204218001","-243114.67963","855556.08238153113","125143108.80955049"
2013-10-01,"97752221.763317809","12624798.772900999","17489923.508971199","67637499.481445611","1383215.3458115999","1742554.4383142001","20834092.799473904","10051640.980123904","0","0","10782451.81935","5343255.0594076002","1455809.7306768002","3887445.3287307997","885480.32070869976","127940819.72703382"
2013-11-01,"97600648.984102592","11698124.757118799","17814379.071694802","68088145.155288994","1386720.2677132001","1741249.4227841999","21220313.465280462","10055539.336060461","0","0","11164774.129220001","5631333.0744992001","1748697.2189334002","3882635.8555657999","834877.86249770899","128415143.07687736"
2013-12-01,"98990999.416600212","11301161.191790402","17638315.478509601","70051522.746300206","1682844.3840012001","1733147.6185870001","22554891.232389964","10058963.734199964","0","0","12495927.498189999","5303659.6270041997","1455395.3308363999","3848264.2961677997","832389.87803447375","131097932.15661705"
2014-01-01,"99602092.711752385","11707052.3177636","16360700.86805","71534339.525938794","1573698.0738388","1734862.3347202002","22569602.876647145","10063326.126557149","0","0","12506276.750089997","5304249.3252587998","1455196.925299","3849052.3999597998","930362.08082629356","131714867.40304363"
2014-02-01,"99864320.071531385","12509156.337307001","17280301.205739602","70074862.528484792","1653362.0659612003","1735456.1800184003","22947169.734366238","10067106.532266235","0","0","12880063.202100001","5305383.9333538003","1455320.3301819998","3850063.6031718003","1050907.5664904001","132556599.55172141"
2014-03-01,"99401889.07183221","12169796.215508401","16479187.868705802","70752904.987618014","1670137.4715452003","1734707.997274","23124835.750569619","9940115.0750196166","0","0","13184720.675550001","5514984.8599087996","1485463.4358643999","4029521.4240444","927793.72035180021","132374348.87148164"
2014-04-01,"99680983.857715383","12186477.809494801","15554304.216952201","71940201.831268385","1679568.9995518003","1721215.7269104","23513762.682849262","9943410.3678592648","0","0","13570352.314989997","6168352.4547434002","1552517.7936855999","4615834.6610578001","849995.07488241245","133613878.79665266"
2014-05-01,"99745997.667451799","11796767.601574201","17580474.847049806","70368755.218827784","1748237.9317130004","1718416.2317056002","23829766.194143333","9946934.890653329","0","0","13882831.303490002","6496292.3117375998","1757257.7678264","4739034.5439112","874029.6829722625","134412740.01972359"
2014-06-01,"101586518.36852118","12381863.502933402","15553432.964984601","73651221.90060319","1751226.6908878002","1718257.1651812","24419270.023824714","9950658.5024247114","0","0","14468611.521400001","6179030.0244423999","1456416.1011087999","4722613.9233336002","845701.03556356521","136500003.30842087"
2014-07-01,"102032390.6106974","12185472.644633401","16331122.436608002","73515795.529456005","1672685.8338120002","1688257.0850740001","24563793.315709151","9954359.1613691505","0","0","14609434.154340001","6781553.5444729999","2806673.4866511999","3974880.0578217995","841444.03098974982","137580124.42075527"
2014-08-01,"105618557.60524601","12112924.1567096","19710449.429980401","73795184.018555999","1680102.9259742002","1689006.5098900001","24965321.423092067","9958105.6536020655","0","0","15007215.76949","5950919.2702682","2057913.1795748","3893006.0906933998","958446.59949364583","140862354.33396411"
2014-09-01,"104766010.80993602","11417877.2529878","15516574.4434008","77831559.113547415","1754965.8221074005","1688606.6056412","25206508.402243242","9961880.1000032406","0","0","15244628.302240001","5297125.7624687999","1452862.4834118001","3844263.2790569998","814164.95577422914","139527382.35817087"
2014-10-01,"105552401.87641102","11252306.940673402","16446852.670117799","77853242.265619814","1754906.6972766004","1689330.4235864","25284051.320287801","9964904.4711078014","0","0","15319146.849180002","5804715.9763082005","1912974.3115786002","3891741.6647295998","932075.51006764383","141017481.80393764"
2014-11-01,"106176007.19018441","11214677.987444401","18408855.558906402","76552473.643833607","1754877.1347926001","1689542.3796132","25623944.970444001","9968627.5486340001","0","0","15655317.421809999","5313323.9173336001","1432116.1975213999","3881207.7198121999","809080.15226605232","141366775.74463388"
2014-12-01,"103744837.73194382","11266311.701125601","17218817.190001","75259708.840817213","1754847.5723772002","1689430.8878062","26354229.802802879","9971519.7483328786","0","0","16382710.054470001","5371426.2612638008","1493735.3271340001","3877690.9341298002","838953.84405560291","139753726.1002495"
2015-01-01,"103498942.49881761","11816106.349675599","16478152.803917004","75204683.345225006","1565008.6523316002","1690822.8139795999","26371999.659247931","9975744.8150579315","0","0","16396254.84419","5265640.0975251999","1400940.2020552","3864699.8954700003","1062883.9266554906","139455297.64855742"
2015-02-01,"103884497.8766","11336484.038850602","16702517.661081001","75845496.176668391","1566508.7618712001","1690220.5675824001","26387872.192381453","9981424.5594114512","0","0","16406447.632970002","5265659.5482999999","1396817.4430344002","3868842.1052655997","845175.10226440092","139639934.04899946"
2015-03-01,"102677479.65963601","11143583.610839399","14659078.454923","76874817.593873605","1571136.7447313999","1690654.4376119999","27327316.193337493","10356222.547757497","0","0","16971093.645579997","5231656.3400961999","1396526.4081670002","3835129.9319291995","841087.90246912546","139339331.27788222"
2015-04-01,"101812620.66817521","11331390.7513142","14264488.0794976","76216741.837363407","1626777.2308858004","1696179.5480167998","27603394.849470247","10359463.88323025","0","0","17243930.966239996","5740723.6455610003","1885810.8468988002","3854912.7986622001","937583.98674605822","139417279.92885512"
2015-05-01,"100483509.47564019","11163328.0729922","22511831.030302595","66808350.372345395","1655697.1098052","1696006.8965658001","27983512.592374377","10363039.162654379","0","0","17620473.429719999","5242366.8963677995","1394579.9876982002","3847786.9086695998","900428.7958042674","137961521.7665576"
2015-06-01,"100899329.54684803","11089804.3941538","9277055.4871372003","80532469.665557027","1647306.0057566003","1695734.8000165999","29611403.384259686","10366571.849699682","0","0","19244831.534560002","5285846.0909230001","1398578.0964030002","3887267.9945200002","849402.97409017768","139989022.8018941"
2015-07-01,"99374474.787365392","10233349.945756001","8221495.0762686003","80919629.76534079","1564040.0752116004","1695874.0155531999","29976587.848095484","10369962.984795487","0","0","19606624.863299999","5273057.6048540007","1397312.6024992","3875745.0023548002","962591.23771139153","138846625.56879109"
2015-08-01,"98461760.175018802","10663470.920117399","8362749.2294584","79435540.025443003","1711638.1679572","1696193.1352758","30181536.583642378","10373483.732272377","0","0","19808052.851369999","5269571.9942731997","1397170.6448834001","3872401.3493897999","832430.56693061953","138153130.62309799"
2015-09-01,"97612467.312663808","10593021.638018399","7850162.1378516005","79169283.536793813","1715520.5737754002","1696737.4154275998","30347904.514940448","10373180.59301045","0","0","19974723.92193","5266104.5691131996","1401343.2579252","3864761.3111879998","831677.86390284169","137470412.2498233"
2015-10-01,"95816741.947172403","10782288.747360202","7596867.5829816004","77437585.616830602","1720034.9418643999","1696413.1119459998","30623938.440424744","10376713.129424743","0","0","20247225.311000001","5265186.1194958007","1400668.0848876003","3864518.0346082002","872364.88426824007","135994679.44517159"
2015-11-01,"92806132.527712792","9949466.286551401","7836240.7823770009","75020425.458784387","1727175.9832362004","1696157.8227398","31059878.957732677","10379666.573662678","0","0","20680212.384070002","5352816.5501878001","1400269.6160208001","3952546.9341670005","818377.77853496652","133460539.62014422"
2015-12-01,"89565137.047161996","9982235.7058521993","7971806.073051801","71611095.26825799","1732521.2913945999","1695947.8881492","31516309.05316966","10542383.805639658","0","0","20973925.247530002","5214597.2507601995","1400672.2407826001","3813925.0099775996","1580830.1272906035","131305342.65792628"
