"MES","SFBP01","SFBP02","SFBP03","SFBP04","SFBP05","SFBP06","SFBP07","SFBP08","SFBP09","SFBP10","SFBP11","SFBP12","SFBP13","SFBP14","SFBP15","SFBP16","SFBP17","SFBP18","SFBP19","SFBP20","SFBP21","SFBP22","SFBP23","SFBP24","SFBP25","SFBP26","SFBP27","SFBP28","SFBP29","SFBP30","SFBP31"
1998-01-01,"535484","0","0","0","0","11499","183","11316","-","-","514284","1460","512824","0","0","9701","5500","4201","-","49306","0","40262","9044","8072","8072","-","-","4708","2690","85693","104831"
1998-02-01,"547921","0","0","0","0","12417","260","12157","-","-","525954","1661","524293","0","0","9550","5500","4050","-","49358","0","40977","8381","7775","7775","-","-","4725","2700","90130","106886"
1998-03-01,"550713","0","0","0","0","13239","245","12994","-","-","527329","1674","525655","0","0","10145","6065","4080","-","65095","0","53932","11163","6781","6781","-","-","4760","2720","93760","109504"
1998-04-01,"565019","0","0","0","0","13732","230","13502","-","-","539767","1699","536858","1210","1210","11520","7417","4103","-","84294","0","73191","11103","5999","5999","-","-","0","7521","100832","113242"
1998-05-01,"596885","0","0","0","0","16119","245","15874","-","-","570661","1694","567667","1300","1300","10105","5987","4118","-","71364","0","60288","11076","5197","5197","-","-","0","9745","114081","114893"
1998-06-01,"607550","0","0","0","0","11069","297","10772","-","-","586168","1941","574956","9271","9271","10313","6180","4133","-","76372","1873","61571","12928","4586","4586","-","-","0","9551","111507","118293"
1998-07-01,"676273","0","0","0","0","10838","216","10622","-","-","655372","2436","643631","9305","9305","10063","5500","4563","-","77171","0","61554","15617","1476","1476","-","-","0","9585","119649","122101"
1998-08-01,"732684","0","0","0","0","14737","263","14474","-","-","707798","2650","693606","11542","11542","10149","5994","4155","-","71598","0","55204","16394","1568","1568","-","-","0","10932","126132","124828"
1998-09-01,"746162","0","0","0","0","15543","304","15239","-","-","720158","4603","709753","5802","5802","10461","6283","4178","-","74154","0","48883","25271","1532","1532","-","-","0","13360","132261","126977"
1998-10-01,"729529","0","0","0","0","12100","342","11758","-","-","707525","5149","696553","5823","5823","9904","5711","4193","-","82047","6708","46188","29151","1719","1719","-","-","0","13408","137891","131849"
1998-11-01,"705697","0","0","0","0","17222","338","16884","-","-","678477","2839","669794","5844","5844","9998","5791","4207","-","83795","7854","46754","29187","1863","1863","-","-","2104","24681","140108","162043"
1998-12-01,"723581","0","0","0","0","17625","609","17016","-","-","696076","2853","687379","5844","5844","9880","5791","4089","-","76909","2256","38099","36554","7735","7735","-","-","5781","24529","132449","164328"
1999-01-01,"686796","0","0","0","0","20339","691","19648","-","-","656577","3574","647159","5844","5844","9880","5791","4089","-","104642","9870","53172","41600","7294","7294","-","-","3666","24529","134358","165039"
1999-02-01,"690891","0","0","0","0","18108","673","17435","-","-","662874","4549","652481","5844","5844","9909","5791","4118","-","104099","9870","53317","40912","7262","7261","1","-","3692","24637","137101","165246"
1999-03-01,"670600","14","0","14","0","19866","536","19330","-","-","640789","3024","631921","5844","5844","9931","5791","4140","-","99438","10107","43920","45411","7627","7626","1","-","857","27166","137121","169511"
1999-04-01,"657214","0","0","0","0","18999","641","18358","-","-","628263","2993","619426","5844","5844","9952","5791","4161","-","103451","10160","48438","44853","1793","1792","1","-","861","27261","145345","167142"
1999-05-01,"648990","0","0","0","0","17148","596","16552","-","-","621868","5069","610955","5844","5844","9974","5791","4183","-","108486","10098","53372","45016","1681","1681","-","-","866","38655","135949","169431"
1999-06-01,"646345","0","0","0","0","21681","675","21006","-","-","614820","5050","603926","5844","5844","9844","5791","4053","-","106327","10098","53427","42802","1728","1728","-","-","    -","38757","134845","171592"
1999-07-01,"673977","0","0","0","0","17077","714","16363","-","-","647244","5135","639189","2920","2920","9656","44","9612","-","94003","0","43164","50839","1346","1346","-","-","    -","41600","124571","179791"
1999-08-01,"664461","0","0","0","0","16546","523","16023","-","-","638193","5131","630122","2940","2940","9721","43","9678","-","91427","0","41254","50173","1308","1308","-","-","    -","43414","115271","184837"
1999-09-01,"664078","0","0","0","0","22051","677","21374","-","-","632214","5164","624095","2955","2955","9813","85","9728","-","90661","0","41808","48853","1358","1358","-","-","2213","52756","112615","185513"
1999-10-01,"657250","0","0","0","0","18711","705","18006","-","-","628653","5186","620492","2975","2975","9886","92","9794","-","97151","0","40000","57151","1306","1306","-","-","2228","52651","115094","185903"
1999-11-01,"559485","0","0","0","0","18639","759","17880","-","-","530959","4481","523493","2985","2985","9887","61","9826","-","81050","0","25494","55556","1099","1099","-","-","2235","58521","121539","145611"
1999-12-01,"501165","0","0","0","0","21267","715","20552","-","-","470335","4463","462877","2995","2995","9563","3","9560","-","80671","0","18102","62569","3257","3257","-","-","2243","68518","114069","144952"
2000-01-01,"459838","0","0","0","0","19488","951","18537","-","-","430633","3370","426260","1003","1003","9717","18","9699","-","83220","0","18084","65136","3063","3063","-","-","2254","68833","113780","147619"
2000-02-01,"421540","0","0","0","0","21125","845","20280","-","-","390731","3336","386387","1008","1008","9684","28","9656","-","90518","0","26027","64491","3051","3051","-","-","2265","68092","117230","145864"
2000-03-01,"396446","0","0","0","0","18871","820","18051","-","-","367256","2930","363311","1015","1015","10319","120","10199","-","98161","0","32279","65882","3047","3047","-","-","2280","68758","130287","143616"
2000-04-01,"412772","0","0","0","0","19654","820","18834","-","-","381587","2931","377636","1020","1020","11531","138","11393","-","129898","0","62356","67542","1183","1183","-","-","0","72806","148513","179812"
2000-05-01,"392983","0","0","0","0","19177","801","18376","-","-","362077","2915","358137","1025","1025","11729","31","11698","-","139459","0","70505","68954","1267","1267","-","-","0","72732","173039","179705"
2000-06-01,"408121","0","0","0","0","19472","821","18651","-","-","378222","3095","374097","1030","1030","10427","25","10402","-","145616","0","71242","74374","1315","1315","-","-","0","85139","175987","183195"
2000-07-01,"399707","0","0","0","0","21498","903","20595","-","-","373526","3212","369279","1035","1035","4683","20","4663","-","145113","0","75285","69828","946","946","-","-","0","94829","157842","193538"
2000-08-01,"424097.93299999996","0","0","0","0","21840.893","896.38","20944.512999999999","-","-","397751.97","3177.4989999999998","393534.25199999998","1040.2190000000001","1040.2190000000001","4505.07","12.449","4492.6210000000001","-","151647","0","76905","74742","1156","1156","-","-","0","92510","161418","193057"
2000-09-01,"423136.49599999998","0","0","0","0","24296","1002","23294","-","-","394199","3101","390051","1047","1047","4641.4960000000001","23.812999999999999","4617.683","-","153414","0","78643","74771","1051","1051","-","-","0","96742","162443","189981"
2000-10-01,"407335.86499999999","0","0","0","0","22063","936","21127","-","-","381124","1947","378125","1052","1052","4148.8650000000007","37.591000000000001","4111.2740000000003","-","159196","0","84268","74928","1011","1011","-","-","0","93984","161446","190041"
2000-11-01,"424034.16499999998","0","0","0","0","23653","994","22659","-","-","396173","1857","393257","1059","1059","4208.165","30.140999999999998","4178.0240000000003","-","167746","2156","79092","86498","1113","1113","-","-","0","96679","157798","188237"
2000-12-01,"450128.65700000001","0","0","0","0","26347","1130","25217","-","-","409981","8279","400637","1065","1065","13800.656999999999","10032.525","3768.1320000000001","-","187209","0","82116","105093","4389","4389","-","-","0","95774","154124","189842"
2001-01-01,"455709.44400000002","381","381","0","0","30840","5297","25543","-","-","411407","1861","408366","1180","1180","13081.444","9159.5769999999993","3921.8670000000002","-","182300","0","80215","102085","4019","4019","-","-","0","96204","166028","186248"
2001-02-01,"441735.30599999998","418","185","233","0","35603","7027","28576","-","-","393500","1852","390464","1184","1184","12214.306","8301.0630000000001","3913.2429999999999","-","180525","0","79684","100841","3982","3981","1","-","0","104240","182797","182389"
2001-03-01,"451816.08799999999","475","215","260","0","36619","6585","30034","-","-","403357","1850","400316","1191","1191","11365.088","7501.04","3864.0479999999998","-","184456","0","82603","101853","4164","4164","-","-","0","102059","179326","182419"
2001-04-01,"455158.74400000001","466","215","251","0","37047","1941","35106","-","-","407599","1845","404557","1197","1197","10046.744000000001","6174.107","3872.6370000000002","-","204239","0","99135","105104","988","988","-","-","0","99954","180532","179179"
2001-05-01,"472433.217","686","214","472","0","41370","2025","39345","-","-","421679","1919","418518","1242","1242","8698.2170000000006","4781.7730000000001","3916.444","-","199942","0","99419","100523","1021","1021","-","-","0","100077","186421","177965"
2001-06-01,"485346.91800000001","392","345","47","0","44460","2593","41867","-","-","433862","1915","430699","1248","1248","6632.9179999999997","2522.9059999999999","4110.0119999999997","-","192123","0","92188","99935","1290","1290","-","-","0","95843","178287","178310"
2001-07-01,"503704.24599999998","942","904","38","0","49854","2855","46999","-","-","449107","1889","445959","1259","1259","3801.2460000000001","198.71700000000001","3602.529","-","196249","0","94395","101854","1360","1360","-","-","1328","87031","186247","174267"
2001-08-01,"521702.51400000002","493","453","40","0","59068","3474","55594","-","-","458439","1912","456527","0","0","3702.5140000000001","81.337000000000003","3621.1770000000001","-","203212","0","98653","104559","1060","1060","-","-","1336","86786","194682","172474"
2001-09-01,"545585.076","1234","1195","39","0","62214","4387","57827","-","-","478430","1945","476485","0","0","3707.076","87.424999999999997","3619.6509999999998","-","198989","0","99353","99636","1104","1104","-","-","1344","93053","199362","170321"
2001-10-01,"566269.62199999997","568","534","34","0","70255","5127","65128","-","-","491643","1981","489662","0","0","3803.6219999999998","175.33500000000001","3628.2869999999998","-","199556","0","102218","97338","1575","1575","-","-","1356","90334","193175","181054"
2001-11-01,"582162.16200000001","653","616","37","0","77162","5416","71746","-","-","500569","2007","498562","0","0","3778.1619999999998","90.775999999999996","3687.386","-","205167","0","102359","102808","1168","1168","-","-","1362","94849","194676","177520"
2001-12-01,"587442.11100000003","1885","1833","52","0","78835","5848","72987","-","-","502990","2245","500745","0","0","3732.1110000000003","98.82","3633.2910000000002","-","233240","0","118039","115201","2876","2876","-","-","1362","96447","190275","183792"
2002-01-01,"630964.16700000002","1104","989","115","0","81181","6295","74886","-","-","544726","2266","542460","0","0","3953.1669999999999","132.13900000000001","3821.0279999999998","-","233357","0","119907","113450","4331","4331","-","-","0","100790","195871","186992"
2002-02-01,"648849.02500000002","922","916","6","0","92444","6839","85605","-","-","551352","2243","549109","0","0","4131.0249999999996","143.23500000000001","3987.79","-","231989","0","119077","112912","4202","4202","-","-","0","101809","204489","185455"
2002-03-01,"669351.09900000005","2922","930","1992","0","97824","7170","90654","-","-","564376","2146","562230","0","0","4229.0990000000002","94.424999999999997","4134.674","-","232850","0","126478","106372","4438","4438","-","-","0","100876","215009","179883"
2002-04-01,"676258.66500000004","1820","270","1550","0","102792","8227","94565","-","-","567307","2184","565123","0","0","4339.665","144.63499999999999","4195.03","-","222875","0","118505","104370","1277","1277","-","-","0","91934","220466","177389"
2002-05-01,"727318.22100000002","1280","388","892","0","117293","8639","108654","-","-","603093","2180","600913","0","0","5652.2210000000005","119.367","5532.8540000000003","-","216541","0","114352","102189","1256","1256","-","-","0","85356","220429","177573"
2002-06-01,"736922.45600000001","1213","293","920","0","123719","9223","114496","-","-","607250","2168","605082","0","0","4740.4560000000001","97.254000000000005","4643.2020000000002","-","230406","0","117558","112848","1424","1424","-","-","2860","95215","210923","182635"
2002-07-01,"719025.14199999999","1373","708","665","0","119250","10703","108547","-","-","593652","2153","591499","0","0","4750.1419999999998","184.3","4565.8419999999996","-","230434","1004","99308","130122","1295","1295","-","-","2888","99695","215784","183831"
2002-08-01,"733582.02800000005","2521","2506","15","0","127665","12205","115460","-","-","598589","2133","596456","0","0","4807.0279999999993","132.47999999999999","4674.5479999999998","-","227903","1012","93797","133094","1281","1281","-","-","5460","104691","214818","195588"
2002-09-01,"748812.73400000005","655","640","15","0","142094","14323","127771","-","-","601691","2170","599521","0","0","4372.7339999999995","157.88300000000001","4214.8509999999997","-","236241","0","84299","151942","1293","1293","-","-","5498","111225","212213","197410"
2002-10-01,"877472.08799999999","4395","3862","533","0","166905","15115","151790","-","-","701593","2824","698769","0","0","4579.0879999999997","266.71899999999999","4312.3689999999997","-","235849","0","83257","152592","3901","3883","18","-","5535","129220","244032","215550"
2002-11-01,"885442.32700000005","4066","3910","156","0","171400","14830","156570","-","-","705304","2802","702502","0","0","4672.3269999999993","516.71299999999997","4155.6139999999996","-","247703","0","78628","169075","3917","3902","15","-","5573","126589","246861","219612"
2002-12-01,"919449.80299999996","2940","2846","94","0","191020","16242","174778","-","-","722025","1725","720300","0","0","3464.8029999999999","471.767","2993.0360000000001","-","261821","0","77904","183917","7382","7338","44","-","11968","126311","223008","233618"
2003-01-01,"946182.24800000002","4588","4244","344","0","189965","16640","173325","-","-","748556","980","747576","0","0","3073.248","426.21699999999998","2647.0309999999999","-","287290","0","95260","192030","7222","7179","43","-","14307","123340","226819","237146"
2003-02-01,"952817.12699999998","4443","4240","203","0","187533","17617","169916","-","-","757900","1018","756882","0","0","2941.127","381.25900000000001","2559.8679999999999","-","292890","0","92156","200734","6674","6647","27","-","11703","123646","230369","238690"
2003-03-01,"990343.71900000004","7676","4202","3474","0","210161","21382","188779","-","-","769472","1076","768396","0","0","3034.7190000000001","429.04899999999998","2605.67","-","291718","0","96171","195547","6320","6301","19","-","15539","118846","238009","239287"
2003-04-01,"1005587.3370000001","8620","6779","1841","0","213107","21570","191537","-","-","780436","1165","779271","0","0","3424.337","534.75199999999995","2889.585","-","308827","0","110051","198776","2174","2148","26","-","15560","115829","236185","241257"
2003-05-01,"1036747.941","5311","3764","1547","0","224592","22816","201776","-","-","803931","4771","799160","0","0","2913.9410000000003","378.17","2535.7710000000002","-","310773","0","120587","190186","2388","2363","25","-","11035","115111","240749","236516"
2003-06-01,"1099347.8959999999","5174","3473","1701","0","231008","22157","208851","-","-","860343","4791","855552","0","0","2822.8960000000002","670.41800000000001","2152.4780000000001","-","320975","0","138914","182061","2725","2708","17","-","6685","117917","233608","215436"
2003-07-01,"1170531.9469999999","5861","3682","2179","0","244959","23051","221908","-","-","917137","4901","912236","0","0","2574.9470000000001","576.15200000000004","1998.7950000000001","-","306298","0","127997","178301","2509","2460","49","-","5177","118319","227377","220991"
2003-08-01,"1217255.037","3080","1177","1903","0","259924","26059","233865","-","-","951774","5382","946392","0","0","2477.0370000000003","451.108","2025.9290000000001","-","308779","0","132038","176741","2606","2584","22","-","5204","110127","238878","224584"
2003-09-01,"1229037.1189999999","6507","3043","3464","0","272028","29715","242313","-","-","947551","8552","938999","0","0","2951.1190000000001","672.82600000000002","2278.2930000000001","-","314686","0","141708","172978","2207","2177","30","-","5218","159490","243896","231652"
2003-10-01,"1249689.4580000001","6682","4568","2114","0","282425","29149","253276","-","-","958027","8778","949249","0","0","2555.4580000000001","478.98","2076.4780000000001","-","330135","0","144182","185953","2882","2855","27","-","5231","156437","244455","237050"
2003-11-01,"1247520.3089999999","4133","2538","1595","0","294344","30202","264142","-","-","945992","7958","938034","0","0","3051.3090000000002","455.74200000000002","2595.567","-","335591","0","141768","193823","2874","2855","19","-","5245","171475","252782","251629"
2003-12-01,"1266516.8759999999","4704","3198","1506","0","316853","30668","286185","-","-","934709","9148","925561","0","0","10250.876","773.88099999999997","9476.9950000000008","-","340091","0","127502","212589","10258","10238","20","-","7038","211240","245549","273859"
2004-01-01,"1277693.81253","2212.4290000000001","1538.29747","674.13153","0","321609","32809","288800","-","-","940431.34617000003","9055.3461700000007","931376","0","0","13441.03736","524.03736000000004","12917","-","314626","0","106738","207888","8907","8866","41","-","7056","219179","254408","283509"
2004-02-01,"1294802","1830","728","1102","0","327513","32068","295445","-","-","952163","9256","942907","0","0","13296","639","12657","-","337432","0","114636","222796","13015","12997","18","-","3140","219479","254275","286749"
2004-03-01,"1316565","2249","1633","616","0","345918","36445","309473","-","-","954495","9720","944775","0","0","13903","599","13304","-","352435","0","116440","235995","13925","13908","17","-","3152","259573","263435","286536"
2004-04-01,"1293851","2004","1310","694","0","315480","36251","279229","-","-","963162","11722","951440","0","0","13205","558","12647","-","343961","2989","93730","247242","2801","2786","15","-","11046","286392","261126","288616"
2004-05-01,"1305654","2192","1437","755","0","312708","33764","278944","-","-","976804","10583","966221","0","0","13950","1401","12549","-","355406","0","112137","243269","9032","9012","20","-","46610","295914","267943","292735"
2004-06-01,"1331699","2491","1764","727","0","257788","39042","217790","-","956","1052483","13357","1038640","0","486","18937","6933","12004","-","344617","0","88618","255999","14435","14415","20","-","50688","301554","270013","300152"
2004-07-01,"1361419.2772900001","9061.27729","8306.2034899999999","755.07380000000001","0","242226","41876","198995","-","1355","1094089","14349","1078988","0","752","16043","4284","11759","-","375330","0","104856","270474","7917","7829","88","-","58682","354249","277578","304188"
2004-08-01,"1424936","10036","9458","578","0","244825","44812","198050","-","1963","1153562","15678","1137196","0","688","16513","4703","11810","-","398485","0","109611","288874","9105","9038","67","-","39004","377469","288497","307582"
2004-09-01,"1514257","3148","2552","596","0","268418","56351","210217","-","1850","1225367","13723","1210851","0","793","17324","4427","12897","-","425051","0","126886","298165","8104","8011","93","-","23142","389602","294683","314063"
2004-10-01,"1594838","1424","620","804","0","272911","55625","214841","0","2445","1301822","14458","1285970","0","1394","18681","5645","13036","-","432435","0","135712","296723","8941","8885","56","-","19224","391755","305339","319825"
2004-11-01,"1626335","7557","6942","615","0","273004","53356","217430","0","2218","1330209","17549","1311542","0","1118","15565","2392","13173","-","445473","0","139706","305767","6487","6432","55","-","16040","396514","312956","325726"
2004-12-01,"1676453","1749","390","1359","0","292541","63295","227001","0","2245","1364136","18651","1343709","0","1776","18027","4720","13307","-","456786","0","150067","306719","20928","20853","75","-","20100","394820","291150","329070"
2005-01-01,"1123364","863","538","325","0","218786","41737","177049","0","0","887102","9467","877635","0","0","16613","3060","13553","-","312609","0","106150","206459","12265","12150","115","-","0","204410","187574","211579"
2005-02-01,"1166446.38262","3916.7665399999996","3578.2768099999998","338.48973000000001","0","227741.65298999997","44295.334329999998","183446.31865999999","0","0","916746.08129","10622.61724","906123.46404999995","0","0","18041.881799999999","4414.7118399999999","13627.169959999999","-","311776.78250000003","0","104286.34173","207490.44077000004","12071.07619","12014.146000000001","56.930190000000003","-","0","204663.55","198427.25626000005","208901.52777999997"
2005-03-01,"1210539.9793400001","6884.8216200000006","6602.4626600000001","282.35896000000002","0","235500.47594999999","46316.68922","189183.78672999999","0","0","951151.38854000007","11804.634700000001","939346.75384000002","0","0","17003.293229999999","2918.1624100000004","14085.13082","-","323469.31452000001","0","116487.40199999999","206981.91252000001","11930.368240000003","11867.712380000003","62.655860000000004","-","0","210726.39999999999","198092.93440999999","210772.72497000001"
2005-04-01,"1256704.75073","1535.22775","1105.4484600000001","429.77929","0","245028.80836999998","47533.626779999999","197495.18158999999","0","0","993512.82371999999","13769.16634","979743.65737999999","0","0","16627.890890000002","2853.1078600000005","13774.783030000001","-","326954.35791000002","0","122427.06039000001","204527.29752000002","16473.301630000002","16409.002690000001","64.298940000000002","-","0","230753.48800000001","204024.53695000004","213906.80012000003"
2005-05-01,"1272790.8557500001","740.33339000000001","310.39938000000001","429.93401","0","252079.00316999998","52744.005629999992","199334.99753999998","0","0","1002097.6655300001","15534.53139","986563.1341400001","0","0","17873.853660000001","2780.2279299999996","15093.62573","-","318873.44828000001","0","121247.57235999999","197625.87592000002","6461.7825400000002","6366.9570300000005","94.825509999999994","-","0","277617.48800000001","212923.62803999998","215894.18418000004"
2005-06-01,"1288188.7091500002","700.32105999999999","413.60338000000002","286.71767999999997","0","252723.47808000003","53520.802280000004","199202.67580000003","0","0","1013952.29072","20652.216400000001","993300.07432000001","0","0","20812.619289999999","4103.8937599999999","16708.72553","-","308598.31091","0","120088.61782999999","188509.69308","8623.6862199999996","8555.7935999999991","67.892619999999994","-","0","277092.288","222191.19169000001","218931.13747000005"
2005-07-01,"1297812.8735599997","592.64898999999991","258.99077999999997","333.65821","0","259959.22082999995","61375.988339999996","198583.23248999997","0","0","1016116.9743899999","34010.670270000002","982106.30411999987","0","0","21144.029350000001","4356.1896799999995","16787.839670000001","-","321745.50912","0","138627.98913","183117.51999","10035.458109999998","9977.7432199999985","57.714889999999997","-","0","294206.57","216778.00357","220652.66615999999"
2005-08-01,"1337780.2503799999","6044.7507599999999","5643.1162800000002","401.63448","0","280625.72308999998","71852.232120000001","208773.49096999998","0","0","1028779.5471099999","41589.220809999992","987190.32629999996","0","0","22330.229420000003","5360.6296899999998","16969.599730000002","-","321521.49661000003","0","140890.23412000001","180631.26249000002","9294.5824599999996","9236.0652699999991","58.517189999999999","-","0","299498.12199999997","224906.08868000002","223356.98057000001"
2005-09-01,"1349987.5743800001","4431.0056500000001","4179.6296700000003","251.37598","0","283605.28860999999","75475.697100000005","208129.59151","0","0","1048392.68661","50133.908880000003","998258.77772999997","0","0","13558.593509999999","4478.8599999999997","9079.73351","-","329289.87426000001","0","152498.56294","176791.31132000001","12526.705029999999","12475.689779999999","51.015250000000002","-","0","307854.90998","228281.62244000004","238527.84758"
2005-10-01,"1381329.97903","1092.0026899999998","270.43134999999995","821.57133999999996","0","298842.70257999998","82035.244500000001","216807.45807999998","0","0","1067112.1969300001","56561.246760000002","1010231.92233","319.02784000000003","0","14283.07683","5354.14984","8928.9269899999999","-","357784.49090999999","0","170915.85311","186868.6378","9767.4609899999978","9717.9275499999985","49.533439999999999","-","0","319623.19199999998","229874.92270000002","248166.25056000001"
2005-11-01,"1386432.9410300001","8165.92814","5913.7879199999998","2252.1402200000002","0","302791.80893","93709.158370000005","209082.65056000001","0","0","1060369.3627300002","61840.819680000008","998209.51520999998","319.02784000000003","0","15105.841230000002","6045.5417200000002","9060.2995100000007","-","344860.37521999999","0","137632.95293999999","207227.42228","12627.3266","12580.7037","46.622900000000001","-","3200","360663.19199999998","237521.5669899999","259403.74085"
2005-12-01,"1399794.4276100006","908.52153999999996","409.61399","498.90755000000001","0","323575.14644000004","115273.36140000001","208301.78504000002","0","0","1057773.9897400003","66564.810740000001","988349.69082000013","319.02784000000003","2540.4603399999996","17536.769889999996","8916.3068799999983","8620.4630099999995","-","345764.52886000002","0","117709.55138","228054.97748","22948.72567","22899.587289999999","49.138379999999998","-","17200","368679.19199999998","219782.19501999998","269419.39455999999"
2006-01-01,"1427659.3999100004","14286.652529999999","13822.611699999999","464.04083000000003","0","335746.50444000005","124318.07331000001","211428.43113000001","0","0","1060124.4159600004","70386.163019999993","986868.59663000016","319.02784000000003","2550.6284700000001","17501.826979999998","8757.6463399999993","8744.1806400000005","-","337524.4347300001","0","113469.74373000002","224054.69100000005","24736.656559999999","24670.30128","66.355279999999993","-","9200","407479.19199999998","226010.65141999992","275775.64984999999"
2006-02-01,"1440092.79923","9161.3563300000005","7566.4154400000007","1594.9408899999999","0","344384.72720999998","127322.51406999999","217062.21314000001","0","0","1070033.19252","77333.653820000007","989822.84378000011","318.62905999999998","2558.0658599999997","16513.52317","7893.5820999999996","8619.9410700000008","-","360692.77049000002","0","127107.72407","233585.04642000003","22578.540490000007","22537.967260000005","40.573230000000002","-","9188.5","403640.64970999997","236481.21006000001","269154.56388999999"
2006-03-01,"1478729.4865999999","5773.7112900000002","4970.7475000000004","802.96379000000002","0","365394.05773999996","142611.45261000001","222782.60512999998","0","0","1091989.7185000002","88876.180420000004","1000227.8278000001","317.83148999999997","2567.8787900000002","15571.999069999998","6771.5489299999999","8800.450139999999","-","363523.34483000007","0","134122.74790000002","229400.59693000003","23575.373540000004","23525.606760000002","49.766779999999997","-","9165.5","394791.78215999994","241592.85072000005","272119.54281000001"
2006-04-01,"1494007.5033299997","6064.6790200000005","4784.7382500000003","1279.9407699999999","0","369093.72453999997","149717.12245999998","219376.60208000001","0","0","1103573.6340199998","97440.21703","1003235.4653799998","322.59102000000001","2575.3605899999998","15275.465749999999","6515.1593700000003","8760.30638","-","366507.87444000004","0","140742.74420000002","225765.13024","24880.945839999997","24828.562469999997","52.383369999999999","-","9154","496717.75488000002","244143.22141","275001.72171000001"
2006-05-01,"1528381.42698","4016.2046999999998","3086.8147599999998","929.38993999999991","0","383034.39185999997","162700.57919999998","220333.81266","0","0","1124730.21631","109939.25423999999","1011882.90165","323.39753000000002","2584.6628900000001","16600.614110000002","7498.2018200000002","9102.4122900000002","-","358795.70484000002","3351.16","126852.59067000001","228591.95416999998","13403.155959999998","13333.778859999999","69.377100000000013","-","7562","483742.95487999998","254190.95209999999","279161.85531000001"
2006-06-01,"1595248.79244","4098.3358200000002","3157.1742899999999","941.16153000000008","0","400353.50933000003","181692.50451","218661.00482","0","0","1154842.8278900001","122464.55478000001","1029460.1240800001","324.20602000000002","2593.94301","35954.119399999996","27199.720959999999","8754.398439999999","-","354751.21220999997","0","119209.01032","235542.20188999997","17989.664430000001","17939.019230000002","50.645199999999996","-","5572","486168.64675999997","249532.89467000001","289604.04613999999"
2006-07-01,"1635870.69955","3718.2765399999998","3206.5356099999999","511.74092999999999","0","433470.9191","196480.24496000001","236990.67413999999","0","0","1162639.6603699999","131706.38759","1028006.52064","325.01650999999998","2601.7356299999997","36041.843540000002","27154.75117","8887.0923700000003","-","345376.09140999999","0","116990.19133","228385.90007999999","15083.11594","15010.40568","72.710259999999991","-","9552","486168.64675999997","248122.0368","294921.11828999995"
2006-08-01,"1685556.2759500002","8704.8406299999988","8280.3392999999996","424.50133","0","455198.21300999995","204775.11390999999","250423.09909999999","0","0","1185062.5710700003","144150.04495000001","1037976.11285","325.41973999999999","2610.9935299999997","36590.651239999999","27594.279569999999","8996.3716700000004","-","339161.00497000001","0","113125.31100999999","226035.69396","16031.10485","15998.97258","32.132269999999998","-","9540","458395.38741999998","259760.49382999999","301692.20924999996"
2006-09-01,"1712239.8580999998","6163.8550399999995","5736.7362599999997","427.11878000000002","0","466867.27434999996","216203.78148000001","250663.49286999999","0","0","1201794.79996","154371.48379","1044476.9868899999","326.23326000000003","2620.09602","37413.928750000006","28311.370710000003","9102.5580399999999","-","357747.53169999999","0","123385.66386","234361.86783999999","20485.656920000001","20433.696390000001","51.960529999999999","-","9540","456539.05446000001","269681.59453999996","305893.08326999994"
2006-10-01,"1766229.1484600001","3075.2918","2593.1347299999998","482.15707000000003","0","497159.12138999999","235272.29618999999","261886.82519999999","0","0","1226312.34739","162883.05676999997","1060472.5548400001","327.04884999999996","2629.6869300000003","39682.387880000002","30362.747490000002","9319.6403900000005","-","369276.65922000003","0","124622.97686","244653.68236000004","20863.821220000002","20820.859500000002","42.96172","-","13515","480215.03690999997","273940.36090999999","319106.63133"
2006-11-01,"1861809.9268800002","14156.357840000001","12702.57951","1453.7783300000001","0","529802.90164000005","257659.73318000001","272143.16846000002","0","0","1278485.9177400002","172515.65410000001","1103003.2746900001","327.86651000000001","2639.1224400000001","39364.749660000001","30241.292659999999","9123.4570000000003","-","380561.65931999998","0","141265.90677999999","239295.75253999996","20217.406269999999","20169.545099999999","47.861170000000001","-","11925","482639.78690999997","279023.07506000006","330965.81760000001"
2006-12-01,"1950428.6732500002","7381.1400800000001","6581.5270399999999","799.61304000000007","0","599058.87054999999","296608.64705000003","302450.22349999996","0","0","1301658.2348800001","185763.80398","1112918.0358800001","327.85927000000004","2648.53575","42330.427740000006","33194.102020000006","9136.3257200000007","-","415709.63448000001","0","165530.90960000001","250178.72487999999","31703.31277","31659.430680000001","43.882089999999998","-","11895","494658.82537999999","263072.82305000006","337381.12985000003"
2007-01-01,"1991261.2021399995","8115.0597299999999","7377.8759099999997","737.18381999999997","0","623653.91784999997","311249.15616999997","312404.76168","0","0","1320871.0733999996","213332.62776999996","1107210.5956499998","327.84996000000001","2.0000000000000002E-5","38621.151160000001","29212.653600000001","9408.4975599999998","-","428417.49242999998","0","168256.72891000001","260160.76352000001","32709.80416","32627.475640000001","82.328519999999997","-","11865","495270.55572999996","267909.50338999991","340932.11109000002"
2007-02-01,"2040329.9673000001","10921.416350000001","10201.216910000001","720.19943999999998","0","633743.31215000001","321266.26501000003","312477.04713999998","0","0","1357273.7710600002","230331.05948","1126614.8729900003","327.83857","2.0000000000000002E-5","38391.46774","28882.457640000001","9509.0100999999995","-","425773.72985999996","0","167214.64199999999","258559.08786","33594.338409999997","33543.47178","50.866630000000001","-","11835","490815.69951000001","283538.29436","339711.85484999995"
2007-03-01,"2118198.6852300004","7130.6686500000005","6484.3456500000002","646.32299999999998","0","663211.98638999998","351891.92627999996","311320.06011000002","0","0","1411755.3442700002","263610.20267999999","1147658.4904700001","328.65818999999999","157.99293","36100.685920000004","26807.94788","9292.7380400000002","-","449163.85733000003","0","187117.23218000002","262046.62514999998","34968.957990000003","34929.451280000001","39.506709999999998","-","11835","497849.62662","284566.16041999997","343117.21835999994"
2007-04-01,"2197408.0898600002","9456.0716900000007","8100.9531699999998","1355.11852","0","688322.71739999996","366332.72394","321989.99345999997","0","0","1461892.8234500003","282772.56195999996","1178631.8601500001","329.47985","158.92148999999998","37736.477320000005","28202.202010000001","9534.2753100000009","-","458320.70799999998","0","197256.43267000001","261064.27533","36280.807859999994","36223.133969999995","57.67389","-","11835","490540.34060000005","286546.70049999998","343252.6778"
2007-05-01,"2288715.0951700006","3453.6833299999998","2693.4483799999998","760.23494999999991","0","737866.62896999996","397682.12628000003","340184.50268999999","0","0","1512464.8082800002","298045.55392000003","1213929.9863400001","329.46629999999999","159.80171999999999","34929.974589999998","25427.533869999999","9502.4407199999987","-","462594.1692","0","214042.61999000001","248551.54921","20502.072459999999","20451.79538","50.277080000000005","-","11805","487087.15354999999","299542.93277000007","348578.06351000001"
2007-06-01,"2366256.2958","2449.9313999999999","1705.58608","744.3453199999999","0","777151.95421999996","429663.7953","347488.15892000002","0","0","1551364.8521199999","314798.01741000003","1236076.7765799998","329.45060999999998","160.60751999999999","35289.558059999996","26076.576509999999","9212.9815500000004","-","482239.90148999996","0","249880.19037999999","232359.71111","22883.717639999999","22839.658469999998","44.059170000000002","-","7850","482745.69981000002","305512.77185000008","353404.12949999998"
2007-07-01,"2433079.8841000004","9059.9475999999995","8252.73495","807.21265000000005","0","809145.92712000001","456806.13453999994","352339.79258000007","0","0","1576996.05436","345066.36716999998","1231441.2923600001","326.90838000000002","161.48644999999999","37877.955020000001","28162.76815","9715.1868699999995","-","470931.82161999994","0","245472.63418999998","225459.18742999999","23337.015820000001","23277.095390000002","59.920430000000003","-","3885","471724.18946000002","309829.03643999994","353182.10816"
2007-08-01,"2477594.2309199995","3439.3888499999998","2817.1381099999999","622.25073999999995","0","865067.15791999991","517987.78354999999","347079.37436999992","0","0","1591606.10619","385999.35109000001","1205444.18077","0","162.57432999999997","17481.577960000002","7810.3102500000005","9671.2677100000001","-","478674.50809000002","0","250829.28473000001","227845.22336","26551.02764","26499.575820000002","51.451819999999998","-","3855","468719.41330000001","322369.82511999999","357343.93524000002"
2007-09-01,"2548968.57608","2715.63177","2104.0867699999999","611.54499999999996","0","907925.29452","561367.29709000001","346557.99742999999","0","0","1621259.3542799999","411091.12813999999","1209873.68894","0","294.5372000000001","17068.29551","7543.1191399999998","9525.176370000001","-","454403.96595999994","0","229458.33388999998","224945.63206999996","24899.451709999998","24848.456639999997","50.995069999999998","-","3855","462293.12830000004","335558.67862999998","373599.48263999994"
2007-10-01,"2622392.0587700005","10185.347589999999","9568.1612699999987","617.18631999999991","0","955553.0207799999","595086.17140999995","360466.84937000001","0","0","1639396.2597200002","425227.90707999998","1212916.7730600003","0","1251.5795799999999","17257.430680000001","7534.4682999999995","9722.9623800000008","-","457612.35174999991","0","239106.72139999995","218505.63034999999","30043.68521","29988.36868","55.31653","-","0","461157.23186999996","342472.55222000007","394708.90211999998"
2007-11-01,"2626882.7373999995","4860.0763999999999","4249.2984800000004","610.77791999999999","0","976367.67209999985","632479.16684999992","343888.50524999993","0","0","1627373.34393","429200.12356000004","1193806.20205","0","4367.0183199999992","18281.644970000001","8899.7646800000002","9381.880290000001","-","469657.34100999997","0","245117.55849","224539.78252000001","31013.403050000001","30941.059240000002","72.343809999999991","-","0","494933.86573999998","351251.80554000009","402076.21827000001"
2007-12-01,"2690009.2791499998","4253.3011900000001","3662.0617499999998","591.23943999999995","0","1024425.63381","685121.80611","339303.82769999997","0","0","1643005.9643799998","446244.36873000005","1188078.8736899998","0","8682.7219600000008","18324.37977","9066.1432299999997","9258.2365399999999","-","463794.59375","0","245891.00444000002","217903.58930999998","54255.212370000001","54198.583599999998","56.628769999999996","-","0","508398.85820000002","338299.11090999993","437924.01517999999"
2008-01-01,"2765920.1618999997","6686.0310400000008","6076.0346200000004","609.99642000000006","0","1065228.61723","727241.64277999999","337881.84610000002","0","105.12835000000001","1676718.0227100002","482861.11926000001","1178456.2172300001","0","15400.68622","17287.49092","7892.1651700000002","9395.32575","-","437605.37078","0","224764.02015","212841.35063","49210.861530000002","49155.495889999998","55.365639999999999","-","0","504655.15877000004","338684.53652999992","445987.63075000001"
2008-02-01,"2846299.4819900002","7817.9980500000001","7155.56574","662.43231000000003","0","1095040.0864899999","759862.50306000002","333307.14578000002","0","1870.4376499999998","1725027.1627799999","516492.51971000002","1185280.75987","0","23253.883200000004","18414.234670000002","8632.0167900000015","9782.2178800000002","-","439017.13264000003","0","229659.70505000002","209357.42759000001","48383.517759999995","48329.488489999996","54.029269999999997","-","0","500863.04765000008","360814.4521600001","433523.64633000002"
2008-03-01,"2900343.9912899998","9993.4097900000015","9555.2361500000006","438.17364000000003","0","1127520.0959100001","792210.82507000002","324705.63702999998","0","10603.633810000001","1743938.0908499998","527398.36705000012","1180093.2323599998","0","36446.491440000005","18892.39474","9274.6960199999994","9617.6987200000003","-","446090.58464000002","0","243974.38245999999","202116.20217999999","44385.163039999999","44336.510110000003","48.652929999999998","-","0","523309.01136000006","359599.27039000019","439378.48041999998"
2008-04-01,"2986828.73367","27354.423909999998","26901.699359999999","452.72454999999997","0","1167099.36409","832846.76087999996","313320.99274000002","0","20931.61047","1772351.8244499997","555082.76685999997","1157757.5188199999","0","59511.538769999999","20023.121220000001","10827.983259999999","9195.13796","-","428385.59785000002","0","217056.83981","211328.75804000002","43260.971199999993","43196.384679999996","64.586519999999993","-","0","524177.53584000003","359025.71169000003","446983.84219"
2008-05-01,"3035297.0255299998","18965.296149999998","18506.488519999999","458.80763000000002","0","1217151.5635900002","892079.33535000007","290742.03877000004","0","34330.189469999998","1779697.3703299996","589302.27142999996","1127153.2635299996","0","63241.835369999993","19482.795460000001","10394.279540000001","9088.5159199999998","-","419583.62924000004","0","207043.12267000001","212540.50657","42484.528579999991","42432.13822999999","52.390349999999998","-","0","570799.07707999996","356881.12654999999","454212.39677999995"
2008-06-01,"3170908.3234699997","15410.05255","15004.45458","405.59796999999998","0","1297790.82678","977236.4116900001","278848.12428000005","0","41706.290809999991","1837568.8102800001","617920.59759000002","1154037.9472500002","0","65610.265440000003","20138.633860000002","10801.14624","9337.4876199999999","-","361913.07252000005","0","145880.07053999999","216033.00198000003","35631.885860000002","35585.87515","46.010709999999996","-","0","608729.45163999998","354807.14448000002","473547.8775"
2008-07-01,"3262164.0655399999","8077.9009000000005","7082.3127500000001","995.58815000000004","0","1342418.06036","1019391.39653","267380.77189000003","0","55645.891939999994","1890201.1816700001","645231.15788999991","1176231.9024700001","0","68738.121310000017","21466.922610000001","12426.154610000001","9040.768","-","357098.26447000005","0","132671.62812000001","224426.63635000002","35917.148699999998","35868.199719999997","48.948980000000006","-","0","601211.19202999992","362193.39595000003","485437.94241000002"
2008-08-01,"3355736.3583400007","16652.86","16084.981760000001","567.87824000000001","0","1388719.6981800003","1044796.2914300001","272568.48685000004","0","71354.919900000008","1931364.9281500003","674120.49572000001","1187891.8965100003","0","69352.535920000024","18998.872009999999","9952.6071199999988","9046.2648900000004","-","390108.42802000005","0","142440.87757000001","247667.55045000004","43004.886359999997","42964.983059999999","39.903300000000002","-","0","606013.97265999997","391770.28193000006","515367.77257999999"
2008-09-01,"3387189.5887699998","14437.690110000001","13568.683550000002","869.00656000000004","0","1399953.60026","1059957.9445499999","280842.07470999996","0","59153.580999999998","1948660.7768399999","687587.95684","1204449.75443","0","56623.065569999999","24137.521560000001","15043.454029999999","9094.0675300000003","-","405575.80938999995","286.59699000000001","134129.89819000001","271159.31420999998","27825.047489999997","27782.543439999998","42.504049999999999","-","0","616951.57441","408496.01396999997","511595.97109000001"
2008-10-01,"3474862.0245500002","10572.595860000001","9586.9012600000005","985.69459999999992","0","1421960.7199000001","1042719.8959000001","333406.3726","0","45834.451399999998","2020217.8820500001","691899.82133000006","1282650.72695","0","45667.333770000005","22110.826739999997","13275.750179999997","8835.0765599999995","-","433297.44932999997","0","140189.81122999999","293107.63809999998","38767.726160000006","38721.666790000003","46.059370000000001","-","0","619179.61803000001","428716.75916999998","570710.71658000001"
2008-11-01,"3539457.8509900002","13985.28314","13106.0137","879.26943999999992","0","1422451.2544900002","1022548.6172000001","360695.90117000003","0","39206.736119999994","2081621.3997499999","681687.79782000009","1357613.4845699999","0","42320.117360000004","21399.913610000003","12490.783720000001","8909.1298900000002","-","478699.83062000002","0","167887.90729999999","310811.92332000006","35729.520139999993","35676.491299999994","53.028839999999995","-","0","630993.76803000004","440781.50823000015","599897.68831000011"
2008-12-01,"3659813.5285499999","15789.356659999999","14970.24474","819.11192000000005","0","1440522.62848","1033910.05441","383972.06456999999","0","22640.509499999996","2178303.9961099997","679295.17968000006","1463870.9727999999","0","35137.843629999996","25197.547299999998","16004.70529","9192.8420100000003","-","550851.33721999999","0","176502.42154000001","374348.91567999998","67060.340329999992","67004.516149999996","55.824179999999998","-","4182","726687.93278999999","456213.60869000002","612909.85936"
2009-01-01,"3739469.4703900004","9967.1975999999995","7968.6086699999996","1998.5889299999999","0","1458859.9508200001","1034022.8907500001","410354.71217999997","0","14482.347889999999","2253822.2685599998","692128.74524999992","1529835.3903299998","0","31858.132979999998","16820.05341","7482.3485899999996","9337.704819999999","-","530269.78758","0","160152.02714999998","370117.76043000002","62871.51071000001","62802.796490000008","68.714219999999997","-","4182","739199.08279000001","477278.40159999998","616883.78973999992"
2009-02-01,"3814914.6034299997","7349.7071100000003","6417.2891","932.41800999999998","0","1460408.0544499999","1019128.5563599999","428305.12942000001","0","12974.36867","2318593.3378899996","681430.41042000009","1606762.4150699999","0","30400.512400000003","28563.503980000001","19449.648390000002","9113.8555899999992","-","573707.08227000001","3860.0975199999998","204575.18887000001","365271.79587999999","51931.940320000002","51866.783779999998","65.156540000000007","-","4182","735946.41609999991","497411.03672999988","633135.46771"
2009-03-01,"3934303.3364799996","7002.1759199999997","6086.6946699999999","915.48125000000005","0","1498308.1492099999","1023048.04422","463786.91618","0","11473.18881","2409067.2548399996","706610.93497000006","1676890.7230199997","0","25565.596849999998","19925.756509999999","16402.2317","3523.5248099999999","-","590058.0625","0","216700.18826","373357.87423999998","44140.078399999999","44072.005290000001","68.07311","-","4182","759561.84947999998","509259.27655000007","638233.24609999999"
2009-04-01,"4061404.0163399996","6008.9964300000001","4934.5266700000002","1074.46976","0","1543231.2786999999","1034889.0089499999","497905.08731999999","0","10437.182429999999","2488232.3468799996","716801.19142999989","1746890.4896","0","24540.665850000001","23931.394329999999","20685.252140000001","3246.14219","-","595884.56539999996","0","220430.12383","375454.44156999997","54704.474539999996","54641.512829999992","62.961709999999997","-","4182","760161.54472000001","518193.32366000005","641803.98295999994"
2009-05-01,"4185166.7444600002","11220.780030000002","10273.099320000001","947.68070999999998","0","1592972.8478900001","1063860.3336400001","519482.23819","0","9630.2760600000001","2563407.5219200002","740070.54764","1802505.8774700002","0","20831.096809999999","17565.594620000003","14319.198430000002","3246.3961900000004","-","581468.14046000002","0","225866.16812000002","355601.97233999998","31764.53673","31702.61476","61.921970000000002","-","4182","787460.71147999994","540464.50384999998","637391.01454"
2009-06-01,"4355958.4095099997","14897.741669999998","14000.930289999998","896.81137999999999","0","1666206.5037499999","1101366.9053799999","555701.40184000006","0","9138.1965300000011","2656467.9778199997","826308.91380999994","1811855.8755000001","0","18303.18851","18386.186269999998","14978.99677","3407.1895","-","602435.87063000002","0","242039.42330999998","360396.44731999998","30604.472429999998","30486.482309999999","117.99011999999999","-","4182","798277.68678999995","563320.38358999998","645853.92478"
2009-07-01,"4529356.7355400007","21829.95491","20992.12529","837.82961999999998","0","1723275.1637199998","1129968.8009199998","587109.08306000009","0","6197.2797399999999","2770001.4723800002","908182.80946999998","1845384.2331100001","0","16434.429800000002","14250.14453","10677.153679999999","3572.9908500000006","-","584546.80180999998","0","240880.51369999998","343666.28811000002","35501.751650000006","35371.325920000003","130.42572999999999","-","3485","813158.6367899999","562633.71087999991","652809.55119000003"
2009-08-01,"4759987.7842199998","17878.271340000003","17078.495420000003","799.77592000000004","0","1839515.9076400001","1226398.1614999999","607030.99257000012","0","6086.7535699999989","2884752.0217999998","1024498.4706399998","1845376.3097300001","0","14877.24143","17841.583439999999","13947.821969999999","3893.7614700000008","-","613894.34556000005","3.3249","281677.31591","332213.70475000003","28781.052179999999","28665.351439999999","115.70074000000001","-","0","810254.47009999992","577399.19021999987","662908.06043000007"
2009-09-01,"4865471.7638000008","25219.589810000001","24328.080440000002","891.50936999999999","0","1945107.56424","1325206.74538","615486.98309000011","0","4413.8357700000006","2876550.3221","1064326.32614","1798701.2657699997","0","13522.730190000002","18594.287649999998","14913.817709999999","3680.46994","-","590747.31250999984","3.3249","267861.41977999994","322882.56782999996","36795.346020000005","36685.646690000001","109.69933","-","0","798194.29870999989","580315.98482000013","673346.7956500001"
2009-10-01,"5113300.4340300011","26049.846310000001","25214.63103","835.21528000000001","0","2090539.0784400001","1442724.28042","644372.16399000003","0","3442.6340299999997","2972027.9757400006","1174318.5882700002","1785872.3143100003","0","11837.073159999998","24683.53354","20568.535110000001","4114.9984300000006","-","624921.76504000009","3.3249","302722.76540000003","322195.67474000005","39253.074719999997","39214.090709999997","38.984009999999998","-","0","787897.32725999993","599697.06259999995","688583.74195000005"
2009-11-01,"5243053.3597600004","27419.581620000001","26445.354660000001","974.22695999999996","0","2159928.6640400002","1511212.64286","645895.10832999996","0","2820.9128500000002","3025878.2807100001","1217248.0003000002","1798187.00425","0","10443.276159999999","29826.83339","26056.508280000002","3770.3251099999998","-","620401.39651000011","3.3249","307629.93741000001","312768.13420000003","44110.552870000007","44002.056710000004","108.49616","-","0","783459.76070999994","618018.18807000003","701493.83818999992"
2009-12-01,"5470383.8730700016","35402.535730000003","27787.914260000001","7614.62147","0","2259450.1192500005","1613360.0945600001","643101.04387000005","0","2988.9808199999998","3132912.8059900007","1322304.5066800001","1801837.7127000003","0","8770.5866100000003","42618.412100000001","25118.436969999999","17499.975129999999","-","610297.62235000008","3.3249","299647.99737","310646.30008000002","82021.859430000011","81914.694920000009","107.16451000000001","-","0","782845.93601999991","594105.97294999997","725124.47773000004"
2010-01-01,"5608925.6281699995","47272.03918","32805.945659999998","14466.093520000002","0","2367086.1153099993","1717445.2972299997","647103.96192999987","0","2536.8561500000001","3149469.18059","1346693.0724400003","1795312.6513599998","0","7463.4567900000002","45098.293089999999","27456.04235","17642.250739999999","-","571073.38844999997","3.3249","266077.51790000004","304992.54564999999","62758.156920000001","62724.129549999998","34.027370000000005","-","0","752247.63601999986","609622.63578999997","734235.01992999995"
2010-02-01,"5676448.3032299997","66135.679109999997","49099.900630000004","17035.778480000001","0","2328983.7802899997","1666503.4441600002","660208.63543999987","0","2271.7006900000001","3236886.2705200003","1438763.5439100002","1792928.4884400002","0","5194.2381699999987","44442.573309999992","27022.777899999997","17419.795409999999","-","587435.92793000001","3.3249","284471.41427000001","302961.18875999999","70000.059510000006","69955.676930000001","44.382579999999997","-","0","741977.44786999992","642527.59646000015","729847.99642999994"
2010-03-01,"5740870.9430500008","53198.97769","28583.307120000001","24615.670570000002","0","2390241.5089400001","1721616.7513800003","666347.27919999987","0","2277.4783600000001","3252897.32289","1483361.4497200001","1765120.7166199998","0","4415.1565500000006","44533.133529999999","26810.427809999997","17722.705720000002","-","608257.62664999999","3.3249","320104.19305","288150.10869999998","47152.29393","47113.415240000002","38.878689999999999","-","0","732033.29793999996","650093.89973000006","741417.95447"
2010-04-01,"5886695.6099699996","67126.395900000003","43479.425409999996","23646.970490000003","0","2439828.8763100002","1756997.43291","680766.31074999995","0","2065.13265","3342998.1332999999","1590044.7330200002","1749192.3357200001","0","3761.0645600000007","36742.204460000001","18945.74784","17796.456620000001","-","615914.23805999989","3.3249","310418.56572999997","305492.34742999997","60086.083579999999","60034.772409999998","51.311169999999997","-","0","728706.32649000001","651136.19192000013","760433.96448999981"
2010-05-01,"4208027.6161699994","73298.099690000003","49831.285080000001","23466.814609999998","0","1627667.7853299999","1147101.0434199998","477114.05317999999","0","3452.6887299999994","2482088.2568699997","1224978.8301199998","1257043.65035","0","65.776399999999995","24973.474280000002","7699.1140099999993","17274.360270000001","-","372349.70198000001","3.3249","218060.63812000002","154285.73896000002","19870.282809999997","19833.226169999998","37.056640000000002","-","0","282827.36975000001","397217.60806","503805.02344999998"
2010-06-01,"4232016.7634899998","76305.177880000003","53176.468810000006","23128.709070000001","0","1569343.1496299997","1084159.6470999997","482678.08563999995","0","2505.4168899999995","2559602.1065500001","1279455.6815499999","1280080.5755400001","0","65.849460000000008","26766.329430000002","9632.9274299999997","17133.402000000002","-","370066.68171000003","6.3073600000000001","220049.42576000001","150010.94859000001","17133.74553","17089.410520000001","44.335009999999997","-","0","294411.04513000004","407790.41580999992","526701.89382999996"
2010-07-01,"4278760.8418899998","64421.888879999999","41810.67542","22611.213460000003","0","1653077.3998099999","1156407.7986399999","495086.40107999992","0","1583.20009","2536043.8025800004","1252715.1272700001","1283262.75492","0","65.920389999999998","25217.750619999999","8279.7773500000003","16937.973269999999","-","358238.52661000006","6.3073600000000001","211047.21630000003","147185.00294999999","27238.271730000004","27193.897460000004","44.374270000000003","-","0","286221.29513000004","411472.64484999998","536185.72519999999"
2010-08-01,"4384680.8904999997","68766.831150000013","47231.009020000005","21535.82213","0","1690344.9481800001","1170767.4101100001","518097.18406999996","0","1480.3540000000003","2600183.9856100003","1315337.35583","1284780.6068600002","0","66.022919999999999","25385.12556","8252.6446599999999","17132.480899999999","-","356735.87066000002","7.32836","198749.49979999999","157979.04249999998","20969.876359999998","20924.52565","45.350709999999999","-","0","275370.27366999997","436632.51905","550708.16415000008"
2010-09-01,"4535975.8268800005","75023.715790000002","53453.393389999997","21570.322400000001","0","1767038.5931599999","1222370.77094","543133.29762000008","0","1534.5246000000002","2669552.9048899999","1394332.19224","1275154.55688","0","66.155770000000004","24360.61304","7533.6335100000006","16826.979530000001","-","383124.00451999996","6.3073600000000001","228977.88566999999","154139.81148999999","21534.627970000001","21510.26499","24.36298","-","0","269047.96704999998","459902.36462999997","558112.66093000001"
2010-10-01,"4554097.7934599994","68275.062109999999","46924.111640000003","21350.950470000003","0","1780304.35002","1238723.8636800002","540007.00880999991","0","1573.4775300000001","2680670.4716899996","1419919.8069599997","1260684.3449200003","0","66.319810000000004","24847.909640000002","8027.5664000000006","16820.343240000002","-","383702.63800000004","6.3073600000000001","234828.36582000001","148867.96481999999","31604.156650000001","31574.89","29.266649999999998","-","0","267037.55192999996","474539.3871799999","573560.86155000003"
2010-11-01,"4743459.1810100004","78857.617710000006","56497.116870000005","22360.500840000001","0","1885829.2175400001","1354048.79293","530253.32895","0","1527.09566","2725351.7178400001","1483718.8740599998","1241566.3087800001","0","66.534999999999997","53420.627919999999","36692.462379999997","16728.165540000002","-","374374.79248000006","24.81371","215630.06996000002","158719.90881000002","14861.219200000001","14822.044090000001","39.175109999999997","-","0","259706.70097999999","507608.26801","587115.23650999996"
2010-12-01,"4745959.9457","63431.612309999997","43298.65395","20132.958360000001","0","1858961.9879600001","1445623.5910200002","411865.68992999999","0","1472.7070100000001","2773007.7959399996","1575653.1053899999","1197287.8762099999","0","66.814340000000001","50558.549490000005","34834.119760000001","15724.42973","-","391052.94689000002","0.30481000000000003","236914.5992","154138.04288000002","49736.052369999998","49677.787199999999","58.265170000000005","-","0","265313.81645999994","490640.82763000013","619348.58880000003"
2011-01-01,"4778221.8591200002","77600.74317999999","57746.323400000001","19854.419779999997","0","1863655.3714600003","1454898.3872600002","407067.05541000003","0","1689.9287899999999","2785942.3209799998","1603104.1180900002","1182771.0297699999","0","67.173119999999997","51023.423499999997","35171.528259999999","15851.89524","-","389803.43899000005","0.30480000000000002","238395.27627","151407.85792000001","36884.017789999998","36844.464690000001","39.553100000000001","-","0","257159.31645999997","513801.45111000002","633003.54297000007"
2011-02-01,"4737152.5411600005","59321.091410000008","38723.502770000006","20597.588640000002","0","1845715.4465800002","1437636.9421300003","407541.22037999996","0","537.28407000000004","2778783.9502599998","1611351.4346399999","1167364.9124799999","0","67.603139999999996","53332.052909999999","35521.961620000002","17810.09129","-","402522.35721000005","0.30393000000000003","243333.83023000002","159188.22305000003","35407.330690000003","35390.592830000001","16.737859999999998","-","0","255184.69532999999","522417.52598999994","632028.59137000004"
2011-03-01,"4862010.8328499999","58390.706210000004","38006.079760000001","20384.62645","0","1930491.7601100004","1520720.6337000004","409183.03259000002","0","588.09382000000005","2822675.3229100001","1665666.7271199999","1156940.47927","0","68.116520000000008","50453.043620000004","34432.825660000002","16020.21796","-","434008.85665000003","0.30304999999999999","256813.21875000003","177195.33485000001","18899.349230000003","18873.095390000002","26.25384","-","0","182645.35372000001","543412.88007999992","645105.56826999993"
2011-04-01,"4906964.7106599994","41567.012140000006","22026.137500000001","19540.874640000002","0","1979728.0273","1572752.9313399999","405947.41775000008","0","1027.67821","2834451.1731499997","1684576.1831399999","1149806.2921900002","0","68.697820000000007","51218.498070000001","35511.7353","15706.762769999999","-","418344.73919000005","0.30260999999999999","246253.04265000005","172091.39392999999","51762.256410000009","51741.082790000008","21.17362","-","0","178335.74146000002","567647.92746999988","658685.12651999993"
2011-05-01,"5082350.3298400007","62723.088340000002","39692.564140000002","23030.524200000003","0","2022192.6841599999","1603976.2929499999","417131.65801000001","0","1084.7331999999999","2947209.99535","1815461.14423","1131679.5480800001","0","69.30304000000001","50224.561990000002","34716.832329999997","15507.729660000001","-","415046.13023000001","0.30260999999999999","242270.23463000002","172775.59299","20677.495789999997","20648.386129999999","29.109660000000002","-","0","188670.74146000002","564743.69684999995","678945.03259999992"
2011-06-01,"5274004.8756800005","57668.186310000005","37564.910240000005","20103.27607","0","2129087.3537600003","1696644.4532800002","431428.48607000004","0","1014.4144099999999","3036087.5337799997","1919543.2345499999","1116474.3828499999","0","69.916380000000004","51161.801829999997","35113.485609999996","16048.316220000001","-","460067.45824000007","0.30216999999999999","267968.29117000004","192098.86490000002","25445.160219999998","25267.680549999997","177.47967000000003","-","0","187800.81246000002","573295.7487900001","699087.55881999992"
2011-07-01,"5379560.9823999992","33208.209540000003","19914.539780000003","13293.669760000001","0","2206694.9223499997","1768939.9664099999","435536.94128000003","0","2218.0146600000003","3087460.6730499994","1965271.2502399997","1122189.4225299999","0","0","52197.177460000006","36195.337270000004","16001.840189999999","-","475317.26706000004","0.30173","265112.40294000006","210204.56238999998","9216.8782099999989","9035.6171799999993","181.26102999999998","-","0","179808.91281000001","585047.66680000001","719767.94851999998"
2011-08-01,"5441160.5765600009","56241.467039999996","43170.376069999998","13071.090969999999","0","2252762.53406","1841270.35714","409331.10542000004","0","2161.0715","3081155.4284500005","1981636.2535000001","1099519.1749500001","0","0","51001.147010000001","35093.787389999998","15907.359619999999","-","513247.64831000008","0.30173","287271.58757000003","225975.75901000001","8086.8922200000006","7916.8788300000006","170.01339000000002","-","0","178559.82315000001","606408.45088999998","742381.32686999999"
2011-09-01,"5518581.7593600005","55490.99048","42502.707670000003","12988.282809999999","0","2283695.49168","1861236.5926100002","420300.91179000004","0","2157.9872800000003","3086323.7584700002","2040709.55899","1045614.1994800001","0","0","93071.518729999996","36246.862509999999","56824.656219999997","-","532884.01648999995","0.30173","282251.32524999999","250632.38950999998","7177.8773100000008","7010.5400200000004","167.33729","-","0","175737.90112999998","719962.76322000008","765645.77391999995"
2011-10-01,"5680385.5795499999","42814.480889999999","29714.811089999999","13099.6698","0","2359530.6449600002","1938935.60773","418440.26776000002","0","2154.7694699999997","3185118.9013799997","2142769.4901199997","1042349.4112600001","0","0","92921.552320000003","36351.62313","56569.929190000003","-","543732.21971999994","0.30173","280892.65682999999","262839.26115999999","8619.7059499999996","8455.9417199999989","163.76423","-","0","175702.31931999998","730687.25797999988","796774.95337"
2011-11-01,"5763512.0632800004","52926.124239999997","38051.63394","14874.490299999999","0","2300406.7725400003","1886108.0316000001","412609.31286000001","0","1689.4280799999999","3287808.3108699997","2249906.0466699996","1037902.2642","0","0","122370.85563000001","65546.896909999996","56823.958720000002","-","551817.21230000001","0.30129","267732.68804000004","284084.22297","8241.1106600000003","8054.6719199999998","186.43873999999997","-","0","158303.77632","759816.24886000005","820425.42683000001"
2011-12-01,"6151586.1550800009","147229.41359000001","129980.86032000001","17248.55327","0","2451150.8617600002","2034391.0542900001","415060.27627999999","0","1699.5311899999999","3432505.0153299998","2392191.3641399997","1040313.65119","0","0","120700.86440000001","64836.934760000004","55863.929640000002","-","622623.22398999997","0.30129","301587.40532999998","321035.51737000002","152797.40209000002","152637.81292000003","159.58917","-","0","147409.63896000001","751364.39833","837740.22675999999"
2012-01-01,"6358651.69771","175319.31716000001","155410.26574","19909.05142","0","2485181.7655500001","2068702.2105","414768.23319","0","1711.3218599999998","3578290.9756999994","2496282.1227499996","1082008.85295","0","0","119859.6393","64003.006309999997","55856.632989999998","-","675870.34590000007","0.30129","356375.65312000003","319494.39149000001","41467.169960000007","41310.707350000004","156.46261000000001","-","0","147409.63896000001","762354.90423999995","853667.64092999999"
2012-02-01,"6545028.7383700004","197664.31162999998","168163.70611999999","29500.605509999998","0","2521759.7606600001","2102696.0244900002","417303.86794999999","0","1759.8682200000001","3706055.9081499996","2619664.8993699998","1086391.0087799998","0","0","119548.75792999999","63542.521370000002","56006.236559999998","-","734568.23790999991","0.30129","397933.47200000001","336634.46461999998","40328.528439999995","40147.922799999993","180.60563999999999","-","0","146162.36747999999","789698.93802","880694.69691000017"
2012-03-01,"6801306.1168799996","215750.31624000001","192801.44507000002","22948.871169999999","0","2543717.1314999997","2128510.7489499999","414226.08620999998","0","980.29633999999999","3919518.1455299999","2846625.7428799998","1072892.4026500001","0","0","122320.52361","65868.999360000002","56451.524250000002","-","748813.14465999999","0.30129","419859.17241","328953.67095999996","17808.73864","17643.063589999998","165.67504999999997","-","0","142655.98392","810567.61734000023","908403.25621000002"
2012-04-01,"6909576.7661000006","215915.21845999997","194643.44567999998","21271.772779999999","0","2452427.3349000006","2039726.8710500004","411842.75983","0","857.70402000000001","4122382.5336600002","3058951.6720599998","1063430.8616000002","0","0","118851.67908","62387.571990000004","56464.107089999998","-","779750.27431000001","0.30129","436721.23936000001","343028.73365999997","26695.537850000004","26472.801440000003","222.73641000000003","-","0","80548.378069999992","816205.53905000025","920514.47175000003"
2012-05-01,"7159184.0752399992","244132.47331999999","202250.89369","41881.57963","0","2466273.5784800001","2050001.55935","415522.72196999996","0","749.29716000000008","4326194.6610300001","3265867.6182100005","1060327.0428199999","0","0","122583.36241","66035.409100000004","56547.953309999997","-","745935.03245000006","0.30129","411787.96125000005","334146.76991000003","7467.2274700000016","7269.7610400000012","197.46643","-","0","86722.378069999992","849530.1621099998","927712.67796"
2012-06-01,"7517478.8581999997","234637.81848999998","192154.67692999999","42483.141559999996","0","2576658.8701400002","2165108.2217200003","410940.87231000001","0","609.77611000000013","4581569.2225299999","3521495.2872600006","1060073.9352699998","0","0","124612.94704","68081.703379999992","56531.24366","-","740986.35407999996","0.30129","395122.9057","345863.14708999998","27959.176209999998","27945.599599999998","13.576609999999999","-","0","109017.37806999999","882583.52881000005","834238.41917999997"
2012-07-01,"7937734.549610001","249010.24239000003","221720.59626000002","27289.646130000001","0","2627921.1572200004","2206209.3246900002","421099.35528000008","0","612.47725000000003","4937735.1317500006","3914115.2215300002","1023619.9102200001","0","0","123068.01825000001","66110.012400000007","56958.005850000001","-","779084.78477000003","0.30129","425761.23829000001","353323.24518999999","7664.2667200000005","7645.9919400000008","18.27478","-","0","109017.37806999999","928467.51472000009","863147.17183000001"
2012-08-01,"8276830.6958500007","280314.72664000001","255811.80395","24502.922689999999","0","2611220.6724399999","2191503.4329300001","419196.89027000003","0","520.34924000000001","5234750.7066300008","4235267.563430001","999483.14320000005","0","0","150544.59013999999","66728.724990000002","83815.865149999998","-","774841.35577000002","0.30129","406410.64441000001","368430.41007000004","7498.4747600000001","7482.75396","15.720800000000001","-","0","111200.10659","933617.60497000022","881154.36355000001"
2012-09-01,"8504792.1682900023","260238.30856","225523.84619000001","34714.462370000001","0","2677878.1337300004","2255285.6759299999","422117.51202000002","0","474.94578000000001","5415627.3748500012","4443559.5889000008","972067.78595000005","0","0","151048.35115","67217.682799999995","83830.668349999993","-","748888.94736000011","0.30129","378143.06208000006","370745.58399000001","10695.34042","10682.853370000001","12.48705","-","0","108379.72302999999","970117.56635999982","917760.98702000012"
2012-10-01,"8715593.8096799981","291086.60876000003","259290.21787000002","31796.390889999995","0","2714564.1753999996","2302936.7310599997","411280.48751000001","0","346.95683000000002","5560712.6641799994","4609858.5773099996","950854.08686999988","0","0","149230.36134","65395.218780000003","83835.142559999993","-","689024.12556999992","0.30129","308197.72604000004","380826.09823999996","7777.0583900000001","7765.7382100000004","11.320180000000001","-","0","113832.14118000001","982246.84623999987","948136.81151999999"
2012-11-01,"8841144.4611800015","285317.32769000001","246365.69336999999","38951.634319999997","0","2648275.6104799998","2250336.9667400001","397640.97409999993","0","297.66964000000002","5758145.7944200002","4830048.2584800003","928097.53593999997","0","0","149405.72859000001","65641.119819999993","83764.608770000006","-","725003.57446000003","0.30129","333060.64669999998","391942.62647000008","7527.6059099999993","7481.7402899999997","45.865619999999993","-","0","112383.91897","1025235.46462","984012.27879000001"
2012-12-01,"9086873.954810001","252984.99963000001","209853.75658000002","43131.243049999997","0","2772984.3472200003","2352193.9959800001","420480.26486","0","310.08638000000002","5913054.56886","4996902.9496099995","916151.61925000011","0","0","147850.03909999999","64063.377460000003","83786.661639999991","-","791613.61941000004","0.30129","391929.44915","399683.86897000007","65611.649739999993","65585.002389999994","26.647349999999999","-","0","119243.91897","1004834.9481799998","997202.05900000001"
2013-01-01,"8488647.4805899989","275239.26040999999","238735.87553000002","36503.384879999998","0","2810338.1430099998","2433118.1528999996","376897.72516000003","0","322.26494999999994","5256131.9378799992","4404434.6227399996","851697.31513999996","0","0","146938.13928999999","63067.204760000001","83870.934529999999","-","891215.26288000005","0.30129","509263.30900999997","381951.95387000008","53677.686710000002","53677.686710000002","0","-","6860","113093.88781000001","937657.44647999993","855108.33765"
2013-02-01,"8576188.7842900008","317653.46392999997","282388.50423999998","35264.959689999996","0","2797551.3618600005","2422325.1252100002","374899.38895999995","0","326.84769","5313636.6509200009","4507083.8585900012","806552.79232999997","0","0","147347.30757999999","63650.301399999997","83697.006179999997","-","896925.08616000006","0.30129","521815.88228999998","375109.20387000008","51677.848419999995","51677.847669999996","7.5000000000000002E-4","-","6860","112522.22115999999","973173.04876999988","852079.05966000003"
2013-03-01,"8817553.2480699997","356178.95383999997","319979.58559999999","36199.368239999996","0","2833309.0735999993","2440554.9054099997","392408.18821000005","0","345.97998000000001","5480661.0090299994","4692557.3102699993","788103.69876000006","0","0","147404.21159999998","63559.426059999998","83844.785539999997","-","920236.44430000009","0.30129","532804.34884999995","387432.09545000008","54519.929120000008","54519.927550000008","1.57E-3","-","0","118696.22115999999","1007312.00343","863563.90885000001"
2013-04-01,"8998316.2072700001","300732.54969999997","268796.02515","31936.524550000002","0","2777848.0411300003","2397444.0992100001","380030.57156000001","0","373.37036000000001","5772278.8505599992","5004837.4354399992","767441.41512000002","0","0","147456.76587999999","63819.73936","83637.026519999999","-","917420.9161400001","0.30129","519901.88258000003","397519.03356000007","19485.927450000003","19485.898980000002","2.8469999999999999E-2","-","0","118660.63931","1000395.7705300001","883452.89124000003"
2013-05-01,"9005829.01468","314070.53946","271698.06575000001","42372.473709999998","0","2703236.4550599996","2313907.5896599996","388933.38164999994","0","395.48374999999999","5841117.7429499999","5110561.56776","730556.1751900001","0","0","147404.27721","63780.744449999998","83623.532760000002","-","914710.92237000004","0.30129","526185.38880999992","388525.53356000007","10660.772279999999","10660.772289999999","-1.0000000000000001E-5","-","0","79482.417099999991","1051420.6508800001","898809.04868999997"
2013-06-01,"9168063.5801499989","338235.67124000005","304556.89073000004","33678.780509999997","0","2743098.3918699995","2371906.4232799998","370771.41155999998","0","420.55703","5939134.3247400001","5235415.1871699998","703719.13757000014","0","0","147595.1923","64005.574439999997","83589.617859999998","-","1218185.1272400001","0.30129","831236.59368000005","386948.53356000007","10899.187170000001","10899.187170000001","0","-","0","76052.417099999991","1090441.9511700002","940627.00976000004"
2013-07-01,"9350380.5797199998","362874.07678","321072.81124999997","41801.265530000004","0","2751468.6764700003","2382024.24853","369015.01462999999","0","429.41331000000002","6087992.3109699991","5398348.6443899991","689643.66658000008","0","0","148045.51550000001","64443.298320000002","83602.217180000007","-","1108590.8758799999","0","709142.34231999994","399448.53356000007","9945.5940200000005","9944.3285800000012","1.2654400000000001","-","0","86342.417100000006","1091825.92753","957462.90222000005"
2013-08-01,"9562908.784190001","379725.75568000006","337883.76722000004","41841.98846","0","2798869.0984400003","2437171.0626600003","361272.65039999998","0","425.38537999999994","6204526.4143199995","5518943.0077799996","685583.40654","0","0","179787.51575000002","96242.870840000003","83544.644910000003","-","1188915.9548199999","0","789310.17125999986","399605.78356000007","19820.913240000002","19820.194660000001","0.71858","-","0","85770.750449999992","1133662.1797099998","952715.46014999994"
2013-09-01,"9442316.8536099996","280161.81403999997","237590.71637999997","42571.097659999999","0","2815998.5766600003","2447864.5618500002","367673.19475999998","0","460.82004999999998","6166181.9837100003","5490308.2851000009","675873.69860999985","0","0","179974.4792","96291.928599999999","83682.550600000002","-","1104635.8737500003","0","697707.19862000016","406928.67513000005","10760.382159999999","10753.58273","6.7994300000000001","-","0","85770.750449999992","1158620.6497499999","964927.66411999997"
2013-10-01,"9575813.0592599995","346605.82681","302397.91888000001","44207.907930000001","0","2900043.2961799996","2543764.2784399996","355808.03444000008","0","470.98329999999999","6149442.9196100011","5490650.7109600008","658792.20865000004","0","0","179721.01665999999","96128.147759999993","83592.868900000001","0","1119169.57391","0","709153.96067000006","410015.61323999998","7574.4911300000003","7568.4109500000004","6.0801800000000004","0","0","96025.168590000001","1184407.1689599999","981938.88971999986"
2013-11-01,"9641958.88277","455417.91729999997","413959.94052","41457.976779999997","0","2862922.5987899997","2512522.4470799998","350304.37781999999","0","95.773889999999994","6145839.1600000001","5498428.2580800001","647410.90191999997","0","0","177779.20668","96842.956609999994","80936.250069999995","0","1058717.0136899999","0","649661.40044999996","409055.61323999998","9618.507959999999","9617.6239499999992","0.88401000000000007","0","0","94576.946379999994","1242348.1364900004","1013087.9365599999"
2013-12-01,"9675416.5549400002","459964.22279999999","403509.16889999999","56455.053900000006","0","2921852.9734999998","2570379.9221600001","351417.45921","0","55.592129999999997","6115614.4922199985","5483466.1750999987","632148.31712000002","0","0","177984.86642000001","97135.026270000002","80849.840150000004","0","1691230.2889299998","0","1285679.1756899999","405551.11323999998","67976.840720000007","67976.573790000009","0.26693","0","0","122016.94637999999","1231973.21538","1024760.4434"
2014-01-01,"9670130.364740001","456406.05213000003","397023.77662000002","59382.275509999999","0","2941488.0067800004","2584548.7716900003","356881.54600999993","0","57.689079999999997","6094957.8536099996","5485653.1104799993","609304.74312999996","0","0","177278.45222000001","96485.337440000003","80793.114780000004","0","2398764.00471","0","1997037.8914699999","401726.11323999998","64214.626209999995","64213.601309999998","1.0249000000000001","0","0","118586.94637999999","1242005.4287500002","1081154.8211600001"
2014-02-01,"9706755.032759998","564205.63552000001","511332.44877999998","52873.186740000005","0","2881534.1021900009","2529556.5247200006","351918.08993000002","0","59.487539999999996","6083222.2784899985","5482074.848079999","601147.43040999991","0","0","177793.01655999999","96945.444749999995","80847.571809999994","0","2655084.3239999996","0","2259829.9607599997","395254.36323999998","61701.342120000008","61700.315290000006","1.0268299999999999","0","0","118015.27972999999","1330979.5175000005","1113434.9018699999"
2014-03-01,"9773756.8228300009","431443.82076999999","383912.78246999998","47531.0383","0","3034436.2962599997","2676496.0400499995","357903.18390000006","0","37.072310000000002","6130066.5111700008","5536133.4529300006","593933.05824000004","0","0","177810.19462999998","96981.321639999995","80828.872990000003","0","2686230.30321","0","2270914.5483900001","415315.75481999997","65645.188349999997","65644.00572999999","1.1826200000000002","0","0","130706.27972999999","1318976.9322099993","1172605.10075"
2014-04-01,"9696645.8031300008","452467.45448999997","405284.04942","47183.405069999993","0","2915878.4602900003","2555728.7322300002","360112.47127000004","0","37.256790000000002","6150551.6193700004","5548715.0530000003","601836.56637000002","0","0","177748.26897999999","96829.313829999999","80918.955149999994","0","2734023.2570699994","0","2309174.5641399994","424848.69292999996","26642.223719999995","26640.249929999994","1.9737899999999999","0","0","130670.69786999999","1299870.37274","1210537.96175"
2014-05-01,"9785105.6311799977","484097.74249999993","414415.86923999997","69681.873259999993","0","2959471.1608199999","2598373.2195299999","361025.31850999995","0","72.622780000000006","6163470.7736999989","5588975.811449999","574494.96224999998","0","0","178065.95416000002","97247.206000000006","80818.748160000003","0","2644183.3432899993","844509.19068","1337762.9596799996","461911.19292999996","18438.250150000003","18436.690880000002","1.5592699999999999","0","0","129222.47566","1332258.4042200001","1225997.2548500001"
2014-06-01,"9739850.0597100016","437576.51959000004","356876.13140000007","80700.388189999998","0","2892688.7082699998","2532695.41713","359920.29184000002","0","72.999299999999991","6231110.2624300001","5671007.6933399998","560102.56909","0","0","178474.56942000001","97660.0052","80814.56422","0","2596373.6054599998","828947.2121","1305952.7004299997","461473.69292999996","11917.648000000001","11913.70059","3.9474099999999996","0","0","101626.56844","1369448.8228500001","1283215.42029"
